<?xml version="1.0"?>
<metadata xml:lang="pt"><Esri><CreaDate>20131107</CreaDate><CreaTime>14563500</CreaTime><SyncOnce>FALSE</SyncOnce><SyncDate>20120409</SyncDate><SyncTime>09320800</SyncTime><ModDate>20120409</ModDate><ModTime>09320800</ModTime><DataProperties><lineage><Process ToolSource="C:\Arquivos de programas\ArcGIS\ArcToolbox\Toolboxes\Data Management Tools.tbx\CopyFeatures" Date="20100108" Time="175507">CopyFeatures D:\consultoria\App\PMCG_905293_TESTE.gdb\PARCELAMENTOS_POL "Database Connections\simgeo@sde.sde\SIMGEO.PARCELAMENTOS_POL" # 0 0 0</Process><Process ToolSource="C:\Arquivos de programas\ArcGIS\ArcToolbox\Toolboxes\Conversion Tools.tbx\FeatureClassToFeatureClass" Date="20100505" Time="100851">FeatureClassToFeatureClass "Conexões do Banco de Dados\simgeo@sde.sde\SIMGEO.PARCELAMENTOS_POL" C:\SIMGEO\PHGIG04.gdb PARCELAMENTOS_2010 # "LOTEAMENTO 'LOTEAMENTO' true true false 30 Text 0 0 ,First,#,Conexões do Banco de Dados\simgeo@sde.sde\SIMGEO.PARCELAMENTOS_POL,LOTEAMENTO,-1,-1;CD_LOTEAMENTO 'CD_LOTEAMENTO' true true false 4 Long 0 10 ,First,#,Conexões do Banco de Dados\simgeo@sde.sde\SIMGEO.PARCELAMENTOS_POL,CD_LOTEAMENTO,-1,-1;TX_REGIAO_URB 'TX_REGIAO_URB' true true false 14 Text 0 0 ,First,#,Conexões do Banco de Dados\simgeo@sde.sde\SIMGEO.PARCELAMENTOS_POL,TX_REGIAO_URB,-1,-1;TX_SETOR 'TX_SETOR' true true false 21 Text 0 0 ,First,#,Conexões do Banco de Dados\simgeo@sde.sde\SIMGEO.PARCELAMENTOS_POL,TX_SETOR,-1,-1;TX_APROVADO 'TX_APROVADO' true true false 6 Text 0 0 ,First,#,Conexões do Banco de Dados\simgeo@sde.sde\SIMGEO.PARCELAMENTOS_POL,TX_APROVADO,-1,-1;NR_ANO 'NR_ANO' true true false 8 Double 8 38 ,First,#,Conexões do Banco de Dados\simgeo@sde.sde\SIMGEO.PARCELAMENTOS_POL,NR_ANO,-1,-1;NR_TERRENO 'NR_TERRENO' true true false 8 Double 8 38 ,First,#,Conexões do Banco de Dados\simgeo@sde.sde\SIMGEO.PARCELAMENTOS_POL,NR_TERRENO,-1,-1;NR_RESIDENCIA 'NR_RESIDENCIA' true true false 8 Double 8 38 ,First,#,Conexões do Banco de Dados\simgeo@sde.sde\SIMGEO.PARCELAMENTOS_POL,NR_RESIDENCIA,-1,-1;NR_COMERCIO 'NR_COMERCIO' true true false 8 Double 8 38 ,First,#,Conexões do Banco de Dados\simgeo@sde.sde\SIMGEO.PARCELAMENTOS_POL,NR_COMERCIO,-1,-1;NR_INDUSTRIA 'NR_INDUSTRIA' true true false 8 Double 8 38 ,First,#,Conexões do Banco de Dados\simgeo@sde.sde\SIMGEO.PARCELAMENTOS_POL,NR_INDUSTRIA,-1,-1;NR_SERVICOS 'NR_SERVICOS' true true false 8 Double 8 38 ,First,#,Conexões do Banco de Dados\simgeo@sde.sde\SIMGEO.PARCELAMENTOS_POL,NR_SERVICOS,-1,-1;NR_MISTO 'NR_MISTO' true true false 8 Double 8 38 ,First,#,Conexões do Banco de Dados\simgeo@sde.sde\SIMGEO.PARCELAMENTOS_POL,NR_MISTO,-1,-1;NR_RELIGIOSO 'NR_RELIGIOSO' true true false 8 Double 8 38 ,First,#,Conexões do Banco de Dados\simgeo@sde.sde\SIMGEO.PARCELAMENTOS_POL,NR_RELIGIOSO,-1,-1;NR_AREA 'NR_AREA' true true false 8 Double 8 38 ,First,#,Conexões do Banco de Dados\simgeo@sde.sde\SIMGEO.PARCELAMENTOS_POL,NR_AREA,-1,-1;SHAPE_AREA 'SHAPE_AREA' false false true 0 Double 0 0 ,First,#,Conexões do Banco de Dados\simgeo@sde.sde\SIMGEO.PARCELAMENTOS_POL,SHAPE.AREA,-1,-1;SHAPE_LEN 'SHAPE_LEN' false false true 0 Double 0 0 ,First,#,Conexões do Banco de Dados\simgeo@sde.sde\SIMGEO.PARCELAMENTOS_POL,SHAPE.LEN,-1,-1" # C:\SIMGEO\PHGIG04.gdb\PARCELAMENTOS_2010</Process><Process ToolSource="C:\Arquivos de programas\ArcGIS\ArcToolbox\Toolboxes\Data Management Tools.tbx\Project" Date="20100505" Time="115041">Project PARCELAMENTOS_2010 C:\SIMGEO\PHGIG04.gdb\PARCELAMENTOS_2010_Project PROJCS['SIRGAS_2000_UTM_Zone_21S',GEOGCS['GCS_SIRGAS_2000',DATUM['D_SIRGAS_2000',SPHEROID['GRS_1980',6378137.0,298.257222101]],PRIMEM['Greenwich',0.0],UNIT['Degree',0.0174532925199433]],PROJECTION['Transverse_Mercator'],PARAMETER['False_Easting',500000.0],PARAMETER['False_Northing',10000000.0],PARAMETER['Central_Meridian',-57.0],PARAMETER['Scale_Factor',0.9996],PARAMETER['Latitude_Of_Origin',0.0],UNIT['Meter',1.0]] SAD_1969_To_WGS_1984_1;SIRGAS_2000_To_WGS_1984_1 PROJCS['SAD_1969_UTM_Zone_21S',GEOGCS['GCS_South_American_1969',DATUM['D_South_American_1969',SPHEROID['GRS_1967_Truncated',6378160.0,298.25]],PRIMEM['Greenwich',0.0],UNIT['Degree',0.0174532925199433]],PROJECTION['Transverse_Mercator'],PARAMETER['False_Easting',500000.0],PARAMETER['False_Northing',10000000.0],PARAMETER['Central_Meridian',-57.0],PARAMETER['Scale_Factor',0.9996],PARAMETER['Latitude_Of_Origin',0.0],UNIT['Meter',1.0]]</Process><Process ToolSource="C:\Arquivos de programas\ArcGIS\ArcToolbox\Toolboxes\Conversion Tools.tbx\FeatureClassToFeatureClass" Date="20100628" Time="081910">FeatureClassToFeatureClass C:\SIMGEO\PHGIG04.gdb\PARCELAMENTOS_2010_SIRGAS C:\Troca\SHAPES PARCELAMENTOS_2010_SIRGAS.shp # "LOTEAMENTO 'LOTEAMENTO' true true false 30 Text 0 0 ,First,#,C:\SIMGEO\PHGIG04.gdb\PARCELAMENTOS_2010_SIRGAS,LOTEAMENTO,-1,-1;CD_LOTEAME 'CD_LOTEAME' true true false 4 Long 0 0 ,First,#,C:\SIMGEO\PHGIG04.gdb\PARCELAMENTOS_2010_SIRGAS,CD_LOTEAMENTO,-1,-1;TX_REGIAO_ 'TX_REGIAO_' true true false 14 Text 0 0 ,First,#,C:\SIMGEO\PHGIG04.gdb\PARCELAMENTOS_2010_SIRGAS,TX_REGIAO_URB,-1,-1;TX_SETOR 'TX_SETOR' true true false 21 Text 0 0 ,First,#,C:\SIMGEO\PHGIG04.gdb\PARCELAMENTOS_2010_SIRGAS,TX_SETOR,-1,-1;TX_APROVAD 'TX_APROVAD' true true false 6 Text 0 0 ,First,#,C:\SIMGEO\PHGIG04.gdb\PARCELAMENTOS_2010_SIRGAS,TX_APROVADO,-1,-1;NR_ANO 'NR_ANO' true true false 8 Double 0 0 ,First,#,C:\SIMGEO\PHGIG04.gdb\PARCELAMENTOS_2010_SIRGAS,NR_ANO,-1,-1;NR_TERRENO 'NR_TERRENO' true true false 8 Double 0 0 ,First,#,C:\SIMGEO\PHGIG04.gdb\PARCELAMENTOS_2010_SIRGAS,NR_TERRENO,-1,-1;NR_RESIDEN 'NR_RESIDEN' true true false 8 Double 0 0 ,First,#,C:\SIMGEO\PHGIG04.gdb\PARCELAMENTOS_2010_SIRGAS,NR_RESIDENCIA,-1,-1;NR_COMERCI 'NR_COMERCI' true true false 8 Double 0 0 ,First,#,C:\SIMGEO\PHGIG04.gdb\PARCELAMENTOS_2010_SIRGAS,NR_COMERCIO,-1,-1;NR_INDUSTR 'NR_INDUSTR' true true false 8 Double 0 0 ,First,#,C:\SIMGEO\PHGIG04.gdb\PARCELAMENTOS_2010_SIRGAS,NR_INDUSTRIA,-1,-1;NR_SERVICO 'NR_SERVICO' true true false 8 Double 0 0 ,First,#,C:\SIMGEO\PHGIG04.gdb\PARCELAMENTOS_2010_SIRGAS,NR_SERVICOS,-1,-1;NR_MISTO 'NR_MISTO' true true false 8 Double 0 0 ,First,#,C:\SIMGEO\PHGIG04.gdb\PARCELAMENTOS_2010_SIRGAS,NR_MISTO,-1,-1;NR_RELIGIO 'NR_RELIGIO' true true false 8 Double 0 0 ,First,#,C:\SIMGEO\PHGIG04.gdb\PARCELAMENTOS_2010_SIRGAS,NR_RELIGIOSO,-1,-1;NR_AREA 'NR_AREA' true true false 8 Double 0 0 ,First,#,C:\SIMGEO\PHGIG04.gdb\PARCELAMENTOS_2010_SIRGAS,NR_AREA,-1,-1;Shape_Leng 'Shape_Length' false true true 8 Double 0 0 ,First,#,C:\SIMGEO\PHGIG04.gdb\PARCELAMENTOS_2010_SIRGAS,Shape_Length,-1,-1;Shape_Area 'Shape_Area' false true true 8 Double 0 0 ,First,#,C:\SIMGEO\PHGIG04.gdb\PARCELAMENTOS_2010_SIRGAS,Shape_Area,-1,-1" # C:\Troca\SHAPES\PARCELAMENTOS_2010_SIRGAS.shp</Process><Process ToolSource="C:\Arquivos de programas\ArcGIS\ArcToolbox\Toolboxes\Conversion Tools.tbx\FeatureClassToFeatureClass" Date="20100930" Time="143918">FeatureClassToFeatureClass E:\Troca\SHAPES\PARCELAMENTOS_2010_SIRGAS.shp C:\GIG07.gdb\CADASTRO_IMOBILIARIO PARCELAMENTOS_2010 # "LOTEAMENTO 'LOTEAMENTO' true true false 30 Text 0 0 ,First,#,E:\Troca\SHAPES\PARCELAMENTOS_2010_SIRGAS.shp,LOTEAMENTO,-1,-1;CD_LOTEAME 'CD_LOTEAME' true true false 9 Long 0 9 ,First,#,E:\Troca\SHAPES\PARCELAMENTOS_2010_SIRGAS.shp,CD_LOTEAME,-1,-1;TX_REGIAO_ 'TX_REGIAO_' true true false 14 Text 0 0 ,First,#,E:\Troca\SHAPES\PARCELAMENTOS_2010_SIRGAS.shp,TX_REGIAO_,-1,-1;TX_SETOR 'TX_SETOR' true true false 21 Text 0 0 ,First,#,E:\Troca\SHAPES\PARCELAMENTOS_2010_SIRGAS.shp,TX_SETOR,-1,-1;TX_APROVAD 'TX_APROVAD' true true false 6 Text 0 0 ,First,#,E:\Troca\SHAPES\PARCELAMENTOS_2010_SIRGAS.shp,TX_APROVAD,-1,-1;NR_ANO 'NR_ANO' true true false 19 Double 0 0 ,First,#,E:\Troca\SHAPES\PARCELAMENTOS_2010_SIRGAS.shp,NR_ANO,-1,-1;NR_TERRENO 'NR_TERRENO' true true false 19 Double 0 0 ,First,#,E:\Troca\SHAPES\PARCELAMENTOS_2010_SIRGAS.shp,NR_TERRENO,-1,-1;NR_RESIDEN 'NR_RESIDEN' true true false 19 Double 0 0 ,First,#,E:\Troca\SHAPES\PARCELAMENTOS_2010_SIRGAS.shp,NR_RESIDEN,-1,-1;NR_COMERCI 'NR_COMERCI' true true false 19 Double 0 0 ,First,#,E:\Troca\SHAPES\PARCELAMENTOS_2010_SIRGAS.shp,NR_COMERCI,-1,-1;NR_INDUSTR 'NR_INDUSTR' true true false 19 Double 0 0 ,First,#,E:\Troca\SHAPES\PARCELAMENTOS_2010_SIRGAS.shp,NR_INDUSTR,-1,-1;NR_SERVICO 'NR_SERVICO' true true false 19 Double 0 0 ,First,#,E:\Troca\SHAPES\PARCELAMENTOS_2010_SIRGAS.shp,NR_SERVICO,-1,-1;NR_MISTO 'NR_MISTO' true true false 19 Double 0 0 ,First,#,E:\Troca\SHAPES\PARCELAMENTOS_2010_SIRGAS.shp,NR_MISTO,-1,-1;NR_RELIGIO 'NR_RELIGIO' true true false 19 Double 0 0 ,First,#,E:\Troca\SHAPES\PARCELAMENTOS_2010_SIRGAS.shp,NR_RELIGIO,-1,-1;NR_AREA 'NR_AREA' true true false 19 Double 0 0 ,First,#,E:\Troca\SHAPES\PARCELAMENTOS_2010_SIRGAS.shp,NR_AREA,-1,-1;Shape_Leng 'Shape_Leng' true true false 19 Double 0 0 ,First,#,E:\Troca\SHAPES\PARCELAMENTOS_2010_SIRGAS.shp,Shape_Leng,-1,-1;Shape_Area 'Shape_Area' true true false 19 Double 0 0 ,First,#,E:\Troca\SHAPES\PARCELAMENTOS_2010_SIRGAS.shp,Shape_Area,-1,-1" # C:\GIG07.gdb\CADASTRO_IMOBILIARIO\PARCELAMENTOS_2010</Process><Process ToolSource="C:\Arquivos de programas\ArcGIS\Desktop10.0\ArcToolbox\Toolboxes\Conversion Tools.tbx\FeatureClassToFeatureClass" Date="20110113" Time="085848">FeatureClassToFeatureClass PARCELAMENTOS_2010 "Database Connections\simgeo@sde.sde\SIMGEO.CADASTRO_IMOBILIARIO" PARCELAMENTOS_2011 # "LOTEAMENTO "LOTEAMENTO" true true false 30 Text 0 0 ,First,#,E:\ARCGIS_2010\SIMGEO PHGIG07\GIG07.gdb\CADASTRO_IMOBILIARIO\PARCELAMENTOS_2010,LOTEAMENTO,-1,-1;CD_LOTEAME "CD_LOTEAME" true true false 4 Long 0 0 ,First,#,E:\ARCGIS_2010\SIMGEO PHGIG07\GIG07.gdb\CADASTRO_IMOBILIARIO\PARCELAMENTOS_2010,CD_LOTEAME,-1,-1;TX_REGIAO_ "TX_REGIAO_" true true false 14 Text 0 0 ,First,#,E:\ARCGIS_2010\SIMGEO PHGIG07\GIG07.gdb\CADASTRO_IMOBILIARIO\PARCELAMENTOS_2010,TX_REGIAO_,-1,-1;TX_SETOR "TX_SETOR" true true false 21 Text 0 0 ,First,#,E:\ARCGIS_2010\SIMGEO PHGIG07\GIG07.gdb\CADASTRO_IMOBILIARIO\PARCELAMENTOS_2010,TX_SETOR,-1,-1;TX_APROVAD "TX_APROVAD" true true false 6 Text 0 0 ,First,#,E:\ARCGIS_2010\SIMGEO PHGIG07\GIG07.gdb\CADASTRO_IMOBILIARIO\PARCELAMENTOS_2010,TX_APROVAD,-1,-1;NR_ANO "NR_ANO" true true false 8 Double 0 0 ,First,#,E:\ARCGIS_2010\SIMGEO PHGIG07\GIG07.gdb\CADASTRO_IMOBILIARIO\PARCELAMENTOS_2010,NR_ANO,-1,-1;NR_TERRENO "NR_TERRENO" true true false 8 Double 0 0 ,First,#,E:\ARCGIS_2010\SIMGEO PHGIG07\GIG07.gdb\CADASTRO_IMOBILIARIO\PARCELAMENTOS_2010,NR_TERRENO,-1,-1;NR_RESIDEN "NR_RESIDEN" true true false 8 Double 0 0 ,First,#,E:\ARCGIS_2010\SIMGEO PHGIG07\GIG07.gdb\CADASTRO_IMOBILIARIO\PARCELAMENTOS_2010,NR_RESIDEN,-1,-1;NR_COMERCI "NR_COMERCI" true true false 8 Double 0 0 ,First,#,E:\ARCGIS_2010\SIMGEO PHGIG07\GIG07.gdb\CADASTRO_IMOBILIARIO\PARCELAMENTOS_2010,NR_COMERCI,-1,-1;NR_INDUSTR "NR_INDUSTR" true true false 8 Double 0 0 ,First,#,E:\ARCGIS_2010\SIMGEO PHGIG07\GIG07.gdb\CADASTRO_IMOBILIARIO\PARCELAMENTOS_2010,NR_INDUSTR,-1,-1;NR_SERVICO "NR_SERVICO" true true false 8 Double 0 0 ,First,#,E:\ARCGIS_2010\SIMGEO PHGIG07\GIG07.gdb\CADASTRO_IMOBILIARIO\PARCELAMENTOS_2010,NR_SERVICO,-1,-1;NR_MISTO "NR_MISTO" true true false 8 Double 0 0 ,First,#,E:\ARCGIS_2010\SIMGEO PHGIG07\GIG07.gdb\CADASTRO_IMOBILIARIO\PARCELAMENTOS_2010,NR_MISTO,-1,-1;NR_RELIGIO "NR_RELIGIO" true true false 8 Double 0 0 ,First,#,E:\ARCGIS_2010\SIMGEO PHGIG07\GIG07.gdb\CADASTRO_IMOBILIARIO\PARCELAMENTOS_2010,NR_RELIGIO,-1,-1;NR_AREA "NR_AREA" true true false 8 Double 0 0 ,First,#,E:\ARCGIS_2010\SIMGEO PHGIG07\GIG07.gdb\CADASTRO_IMOBILIARIO\PARCELAMENTOS_2010,NR_AREA,-1,-1;Shape_Leng "Shape_Leng" true true false 8 Double 0 0 ,First,#,E:\ARCGIS_2010\SIMGEO PHGIG07\GIG07.gdb\CADASTRO_IMOBILIARIO\PARCELAMENTOS_2010,Shape_Leng,-1,-1;Shape_Length "Shape_Length" false true true 8 Double 0 0 ,First,#,E:\ARCGIS_2010\SIMGEO PHGIG07\GIG07.gdb\CADASTRO_IMOBILIARIO\PARCELAMENTOS_2010,Shape_Length,-1,-1;Shape_Area "Shape_Area" false true true 8 Double 0 0 ,First,#,E:\ARCGIS_2010\SIMGEO PHGIG07\GIG07.gdb\CADASTRO_IMOBILIARIO\PARCELAMENTOS_2010,Shape_Area,-1,-1" #</Process><Process ToolSource="C:\Arquivos de programas\ArcGIS\Desktop10.0\ArcToolbox\Toolboxes\Conversion Tools.tbx\FeatureClassToFeatureClass" Date="20120409" Time="093210">FeatureClassToFeatureClass SIMGEO.PARCELAMENTOS_2011 "Database Connections\simgeo@sde.sde\SIMGEO.ATUALIZACAO" PARCELAMENTO # "LOTEAMENTO "LOTEAMENTO" true true false 30 Text 0 0 ,First,#,Database Connections\simgeo@sde.sde\SIMGEO.CADASTRO_IMOBILIARIO_2011\SIMGEO.PARCELAMENTOS_2011,LOTEAMENTO,-1,-1;CD_LOTEAME "CD_LOTEAME" true true false 4 Long 0 10 ,First,#,Database Connections\simgeo@sde.sde\SIMGEO.CADASTRO_IMOBILIARIO_2011\SIMGEO.PARCELAMENTOS_2011,CD_LOTEAME,-1,-1;TX_REGIAO_ "TX_REGIAO_" true true false 14 Text 0 0 ,First,#,Database Connections\simgeo@sde.sde\SIMGEO.CADASTRO_IMOBILIARIO_2011\SIMGEO.PARCELAMENTOS_2011,TX_REGIAO_,-1,-1;TX_SETOR "TX_SETOR" true true false 21 Text 0 0 ,First,#,Database Connections\simgeo@sde.sde\SIMGEO.CADASTRO_IMOBILIARIO_2011\SIMGEO.PARCELAMENTOS_2011,TX_SETOR,-1,-1;TX_APROVAD "TX_APROVAD" true true false 6 Text 0 0 ,First,#,Database Connections\simgeo@sde.sde\SIMGEO.CADASTRO_IMOBILIARIO_2011\SIMGEO.PARCELAMENTOS_2011,TX_APROVAD,-1,-1;NR_ANO "NR_ANO" true true false 8 Double 8 38 ,First,#,Database Connections\simgeo@sde.sde\SIMGEO.CADASTRO_IMOBILIARIO_2011\SIMGEO.PARCELAMENTOS_2011,NR_ANO,-1,-1;NR_TERRENO "NR_TERRENO" true true false 8 Double 8 38 ,First,#,Database Connections\simgeo@sde.sde\SIMGEO.CADASTRO_IMOBILIARIO_2011\SIMGEO.PARCELAMENTOS_2011,NR_TERRENO,-1,-1;NR_RESIDEN "NR_RESIDEN" true true false 8 Double 8 38 ,First,#,Database Connections\simgeo@sde.sde\SIMGEO.CADASTRO_IMOBILIARIO_2011\SIMGEO.PARCELAMENTOS_2011,NR_RESIDEN,-1,-1;NR_COMERCI "NR_COMERCI" true true false 8 Double 8 38 ,First,#,Database Connections\simgeo@sde.sde\SIMGEO.CADASTRO_IMOBILIARIO_2011\SIMGEO.PARCELAMENTOS_2011,NR_COMERCI,-1,-1;NR_INDUSTR "NR_INDUSTR" true true false 8 Double 8 38 ,First,#,Database Connections\simgeo@sde.sde\SIMGEO.CADASTRO_IMOBILIARIO_2011\SIMGEO.PARCELAMENTOS_2011,NR_INDUSTR,-1,-1;NR_SERVICO "NR_SERVICO" true true false 8 Double 8 38 ,First,#,Database Connections\simgeo@sde.sde\SIMGEO.CADASTRO_IMOBILIARIO_2011\SIMGEO.PARCELAMENTOS_2011,NR_SERVICO,-1,-1;NR_MISTO "NR_MISTO" true true false 8 Double 8 38 ,First,#,Database Connections\simgeo@sde.sde\SIMGEO.CADASTRO_IMOBILIARIO_2011\SIMGEO.PARCELAMENTOS_2011,NR_MISTO,-1,-1;NR_RELIGIO "NR_RELIGIO" true true false 8 Double 8 38 ,First,#,Database Connections\simgeo@sde.sde\SIMGEO.CADASTRO_IMOBILIARIO_2011\SIMGEO.PARCELAMENTOS_2011,NR_RELIGIO,-1,-1;NR_AREA "NR_AREA" true true false 8 Double 8 38 ,First,#,Database Connections\simgeo@sde.sde\SIMGEO.CADASTRO_IMOBILIARIO_2011\SIMGEO.PARCELAMENTOS_2011,NR_AREA,-1,-1;SHAPE_LENG "SHAPE_LENG" true true false 8 Double 8 38 ,First,#,Database Connections\simgeo@sde.sde\SIMGEO.CADASTRO_IMOBILIARIO_2011\SIMGEO.PARCELAMENTOS_2011,SHAPE_LENG,-1,-1;SHAPE_AREA "SHAPE_AREA" false false true 0 Double 0 0 ,First,#,Database Connections\simgeo@sde.sde\SIMGEO.CADASTRO_IMOBILIARIO_2011\SIMGEO.PARCELAMENTOS_2011,SHAPE.AREA,-1,-1;SHAPE_LEN "SHAPE_LEN" false false true 0 Double 0 0 ,First,#,Database Connections\simgeo@sde.sde\SIMGEO.CADASTRO_IMOBILIARIO_2011\SIMGEO.PARCELAMENTOS_2011,SHAPE.LEN,-1,-1" #</Process></lineage><itemProps><itemName Sync="TRUE">SIMGEO.PARCELAMENTO</itemName><imsContentType Sync="TRUE">002</imsContentType><itemLocation><linkage Sync="TRUE">Server=10.4.0.127; Service=5151; User=simgeo; Version=SDE.DEFAULT</linkage><protocol Sync="TRUE">ArcSDE Connection</protocol></itemLocation></itemProps><coordRef><type Sync="TRUE">Projected</type><geogcsn Sync="TRUE">GCS_SIRGAS_2000</geogcsn><projcsn Sync="TRUE">SIRGAS_2000_UTM_Zone_21S</projcsn><peXml Sync="TRUE">&lt;ProjectedCoordinateSystem xsi:type='typens:ProjectedCoordinateSystem' xmlns:xsi='http://www.w3.org/2001/XMLSchema-instance' xmlns:xs='http://www.w3.org/2001/XMLSchema' xmlns:typens='http://www.esri.com/schemas/ArcGIS/10.0'&gt;&lt;WKT&gt;PROJCS[&amp;quot;SIRGAS_2000_UTM_Zone_21S&amp;quot;,GEOGCS[&amp;quot;GCS_SIRGAS_2000&amp;quot;,DATUM[&amp;quot;D_SIRGAS_2000&amp;quot;,SPHEROID[&amp;quot;GRS_1980&amp;quot;,6378137.0,298.257222101]],PRIMEM[&amp;quot;Greenwich&amp;quot;,0.0],UNIT[&amp;quot;Degree&amp;quot;,0.0174532925199433]],PROJECTION[&amp;quot;Transverse_Mercator&amp;quot;],PARAMETER[&amp;quot;False_Easting&amp;quot;,500000.0],PARAMETER[&amp;quot;False_Northing&amp;quot;,10000000.0],PARAMETER[&amp;quot;Central_Meridian&amp;quot;,-57.0],PARAMETER[&amp;quot;Scale_Factor&amp;quot;,0.9996],PARAMETER[&amp;quot;Latitude_Of_Origin&amp;quot;,0.0],UNIT[&amp;quot;Meter&amp;quot;,1.0],AUTHORITY[&amp;quot;EPSG&amp;quot;,31981]]&lt;/WKT&gt;&lt;XOrigin&gt;-5120900&lt;/XOrigin&gt;&lt;YOrigin&gt;1900&lt;/YOrigin&gt;&lt;XYScale&gt;10000&lt;/XYScale&gt;&lt;ZOrigin&gt;0&lt;/ZOrigin&gt;&lt;ZScale&gt;1&lt;/ZScale&gt;&lt;MOrigin&gt;0&lt;/MOrigin&gt;&lt;MScale&gt;1&lt;/MScale&gt;&lt;XYTolerance&gt;0.001&lt;/XYTolerance&gt;&lt;ZTolerance&gt;0.001&lt;/ZTolerance&gt;&lt;MTolerance&gt;0.001&lt;/MTolerance&gt;&lt;HighPrecision&gt;true&lt;/HighPrecision&gt;&lt;WKID&gt;31981&lt;/WKID&gt;&lt;/ProjectedCoordinateSystem&gt;</peXml></coordRef></DataProperties><ArcGISFormat>1.0</ArcGISFormat></Esri><idinfo><citation><citeinfo><onlink Sync="TRUE">Server=10.4.0.127; Service=5151; User=simgeo; Version=SDE.DEFAULT</onlink><origin>REQUIRED: The name of an organization or individual that developed the data set.</origin><pubdate>REQUIRED: The date when the data set is published or otherwise made available for release.</pubdate><title Sync="TRUE">SIMGEO.PARCELAMENTOS_2011</title><ftname Sync="TRUE">SIMGEO.PARCELAMENTOS_2011</ftname><geoform Sync="TRUE">vector digital data</geoform></citeinfo></citation><native Sync="TRUE">Microsoft Windows XP Version 5.1 (Build 2600) Service Pack 3; ESRI ArcCatalog 9.3.1.4000</native><descript><langdata Sync="TRUE">pt</langdata><abstract>REQUIRED: A brief narrative summary of the data set.</abstract><purpose>REQUIRED: A summary of the intentions with which the data set was developed.</purpose></descript><timeperd><current>REQUIRED: The basis on which the time period of content information is determined.</current><timeinfo><sngdate><caldate>REQUIRED: The year (and optionally month, or month and day) for which the data set corresponds to the ground.</caldate></sngdate></timeinfo></timeperd><status><progress>REQUIRED: The state of the data set.</progress><update>REQUIRED: The frequency with which changes and additions are made to the data set after the initial data set is completed.</update></status><spdom><bounding><westbc Sync="TRUE">-54.763452</westbc><eastbc Sync="TRUE">-54.500983</eastbc><northbc Sync="TRUE">-20.370100</northbc><southbc Sync="TRUE">-20.588044</southbc></bounding><lboundng><leftbc Sync="TRUE">733442.914500</leftbc><rightbc Sync="TRUE">760494.398500</rightbc><bottombc Sync="TRUE">7721838.593000</bottombc><topbc Sync="TRUE">7745587.045400</topbc></lboundng></spdom><keywords><theme><themekt>REQUIRED: Reference to a formally registered thesaurus or a similar authoritative source of theme keywords.</themekt><themekey>REQUIRED: Common-use word or phrase used to describe the subject of the data set.</themekey></theme></keywords><accconst>REQUIRED: Restrictions and legal prerequisites for accessing the data set.</accconst><useconst>REQUIRED: Restrictions and legal prerequisites for using the data set after access is granted.</useconst><natvform Sync="TRUE">SDE Feature Class</natvform></idinfo><distInfo><distributor><distorTran><onLineSrc><linkage Sync="TRUE">Server=10.4.0.127; Service=5151; User=simgeo; Version=SDE.DEFAULT</linkage><protocol Sync="TRUE">ArcSDE Connection</protocol><orDesc Sync="TRUE">002</orDesc></onLineSrc><transSize Sync="TRUE">0,000</transSize></distorTran><distorFormat><formatName Sync="TRUE">SDE Feature Class</formatName></distorFormat></distributor><distFormat><formatName Sync="TRUE">SDE Feature Class</formatName></distFormat></distInfo><dataqual><lineage><procstep><procdesc Sync="TRUE">Dataset copied.</procdesc><srcused Sync="TRUE">\\VAIO-AUSTHER\C$\Meus Documentos\Projetos\905293 - CAMPO GRANDE\FORA DO SVN\Migração\PLTS - DESTINO - Novos (REVISAO ANA).mdb</srcused><procdate Sync="TRUE">20091119</procdate><proctime Sync="TRUE">16283100</proctime></procstep><procstep><procdesc Sync="TRUE">O conjunto de dados foi copiado.</procdesc><srcused Sync="TRUE">\\PHGIG04\C$\SIMGEO\PHGIG04.gdb</srcused><procdate Sync="TRUE">20100505</procdate><proctime Sync="TRUE">11503900</proctime></procstep></lineage></dataqual><dataIdInfo><envirDesc Sync="TRUE">Microsoft Windows XP Version 5.1 (Build 2600) Service Pack 3; ESRI ArcGIS 10.0.2.3200</envirDesc><dataLang><languageCode Sync="TRUE" value="pt" country="BR"></languageCode></dataLang><idCitation><resTitle Sync="TRUE">SIMGEO.PARCELAMENTO</resTitle><presForm><PresFormCd Sync="TRUE" value="005"></PresFormCd></presForm></idCitation><spatRpType><SpatRepTypCd Sync="TRUE" value="001"></SpatRepTypCd></spatRpType><dataExt><geoEle><GeoBndBox esriExtentType="native"><westBL Sync="TRUE">733442.9145</westBL><eastBL Sync="TRUE">760494.3985</eastBL><northBL Sync="TRUE">7745587.0454</northBL><southBL Sync="TRUE">7721838.593</southBL><exTypeCode Sync="TRUE">1</exTypeCode></GeoBndBox></geoEle></dataExt><geoBox esriExtentType="decdegrees"><westBL Sync="TRUE">-54.763452</westBL><eastBL Sync="TRUE">-54.500983</eastBL><northBL Sync="TRUE">-20.3701</northBL><southBL Sync="TRUE">-20.588044</southBL><exTypeCode Sync="TRUE">1</exTypeCode></geoBox><descKeys><thesaName uuidref="723f6998-058e-11dc-8314-0800200c9a66"></thesaName><keyword Sync="TRUE">002</keyword></descKeys></dataIdInfo><metainfo><langmeta Sync="TRUE">pt</langmeta><metstdn Sync="TRUE">FGDC Content Standards for Digital Geospatial Metadata</metstdn><metstdv Sync="TRUE">FGDC-STD-001-1998</metstdv><mettc Sync="TRUE">local time</mettc><metc><cntinfo><cntorgp><cntper>REQUIRED: The person responsible for the metadata information.</cntper><cntorg>REQUIRED: The organization responsible for the metadata information.</cntorg></cntorgp><cntaddr><addrtype>REQUIRED: The mailing and/or physical address for the organization or individual.</addrtype><city>REQUIRED: The city of the address.</city><state>REQUIRED: The state or province of the address.</state><postal>REQUIRED: The ZIP or other postal code of the address.</postal></cntaddr><cntvoice>REQUIRED: The telephone number by which individuals can speak to the organization or individual.</cntvoice></cntinfo></metc><metd Sync="TRUE">20110302</metd></metainfo><mdLang><languageCode Sync="TRUE" value="pt"></languageCode></mdLang><mdStanName Sync="TRUE">ISO 19115 Geographic Information - Metadata</mdStanName><mdStanVer Sync="TRUE">DIS_ESRI1.0</mdStanVer><mdChar><CharSetCd Sync="TRUE" value="004"></CharSetCd></mdChar><mdHrLv><ScopeCd Sync="TRUE" value="005"></ScopeCd></mdHrLv><mdHrLvName Sync="TRUE">dataset</mdHrLvName><distinfo><resdesc Sync="TRUE">Downloadable Data</resdesc><stdorder><digform><digtinfo><transize Sync="TRUE">0,000</transize><dssize Sync="TRUE">0,000</dssize></digtinfo></digform></stdorder></distinfo><spdoinfo><direct Sync="TRUE">Vector</direct><ptvctinf><esriterm Name="SIMGEO.PARCELAMENTO"><efeatyp Sync="TRUE">Simple</efeatyp><efeageom Sync="TRUE">4</efeageom><esritopo Sync="TRUE">FALSE</esritopo><efeacnt Sync="TRUE">0</efeacnt><spindex Sync="TRUE">FALSE</spindex><linrefer Sync="TRUE">FALSE</linrefer></esriterm></ptvctinf></spdoinfo><spref><horizsys><cordsysn><geogcsn Sync="TRUE">GCS_SIRGAS_2000</geogcsn><projcsn Sync="TRUE">SIRGAS_2000_UTM_Zone_21S</projcsn></cordsysn><planar><planci><plance Sync="TRUE">coordinate pair</plance><plandu Sync="TRUE">meters</plandu><coordrep><absres Sync="TRUE">0.000100</absres><ordres Sync="TRUE">0.000100</ordres></coordrep></planci></planar><geodetic><horizdn Sync="TRUE">D_SIRGAS_2000</horizdn><ellips Sync="TRUE">Geodetic Reference System 80</ellips><semiaxis Sync="TRUE">6378137.000000</semiaxis><denflat Sync="TRUE">298.257222</denflat></geodetic></horizsys><vertdef><altsys><altenc Sync="TRUE">Explicit elevation coordinate included with horizontal coordinates</altenc><altres Sync="TRUE">1.000000</altres></altsys></vertdef></spref><refSysInfo><RefSystem><refSysID><identCode Sync="TRUE" code="31981">SIRGAS_2000_UTM_Zone_21S</identCode><idCodeSpace Sync="TRUE">EPSG</idCodeSpace><idVersion Sync="TRUE">7.4.1</idVersion></refSysID></RefSystem></refSysInfo><spatRepInfo><VectSpatRep><topLvl><TopoLevCd Sync="TRUE" value="001"></TopoLevCd></topLvl><geometObjs Name="SIMGEO.PARCELAMENTOS_2011"><geoObjTyp><GeoObjTypCd Sync="TRUE" value="002"></GeoObjTypCd><geoObjCnt Sync="TRUE">0</geoObjCnt></geoObjTyp><geoObjCnt Sync="TRUE">922</geoObjCnt></geometObjs></VectSpatRep></spatRepInfo><eainfo><detailed Name="SIMGEO.PARCELAMENTO"><enttyp><enttypl Sync="TRUE">SIMGEO.PARCELAMENTO</enttypl><enttypt Sync="TRUE">Feature Class</enttypt><enttypc Sync="TRUE">0</enttypc></enttyp><attr><attrlabl Sync="TRUE">OBJECTID</attrlabl><attalias Sync="TRUE">OBJECTID</attalias><attrtype Sync="TRUE">OID</attrtype><attwidth Sync="TRUE">4</attwidth><atprecis Sync="TRUE">10</atprecis><attscale Sync="TRUE">0</attscale><attrdef Sync="TRUE">Internal feature number.</attrdef><attrdefs Sync="TRUE">ESRI</attrdefs><attrdomv><udom Sync="TRUE">Sequential unique whole numbers that are automatically generated.</udom></attrdomv></attr><attr><attrlabl Sync="TRUE">LOTEAMENTO</attrlabl><attalias Sync="TRUE">LOTEAMENTO</attalias><attrtype Sync="TRUE">String</attrtype><attwidth Sync="TRUE">30</attwidth><atprecis Sync="TRUE">0</atprecis><attscale Sync="TRUE">0</attscale></attr><attr><attrlabl Sync="TRUE">TX_SETOR</attrlabl><attalias Sync="TRUE">TX_SETOR</attalias><attrtype Sync="TRUE">String</attrtype><attwidth Sync="TRUE">21</attwidth><atprecis Sync="TRUE">0</atprecis><attscale Sync="TRUE">0</attscale></attr><attr><attrlabl Sync="TRUE">CD_LOTEAME</attrlabl><attalias Sync="TRUE">CD_LOTEAME</attalias><attrtype Sync="TRUE">Integer</attrtype><attwidth Sync="TRUE">4</attwidth><atprecis Sync="TRUE">10</atprecis><attscale Sync="TRUE">0</attscale></attr><attr><attrlabl Sync="TRUE">TX_REGIAO_</attrlabl><attalias Sync="TRUE">TX_REGIAO_</attalias><attrtype Sync="TRUE">String</attrtype><attwidth Sync="TRUE">14</attwidth><atprecis Sync="TRUE">0</atprecis><attscale Sync="TRUE">0</attscale></attr><attr><attrlabl Sync="TRUE">NR_ANO</attrlabl><attalias Sync="TRUE">NR_ANO</attalias><attrtype Sync="TRUE">Double</attrtype><attwidth Sync="TRUE">8</attwidth><atprecis Sync="TRUE">38</atprecis><attscale Sync="TRUE">8</attscale></attr><attr><attrlabl Sync="TRUE">TX_APROVAD</attrlabl><attalias Sync="TRUE">TX_APROVAD</attalias><attrtype Sync="TRUE">String</attrtype><attwidth Sync="TRUE">6</attwidth><atprecis Sync="TRUE">0</atprecis><attscale Sync="TRUE">0</attscale></attr><attr><attrlabl Sync="TRUE">NR_TERRENO</attrlabl><attalias Sync="TRUE">NR_TERRENO</attalias><attrtype Sync="TRUE">Double</attrtype><attwidth Sync="TRUE">8</attwidth><atprecis Sync="TRUE">38</atprecis><attscale Sync="TRUE">8</attscale></attr><attr><attrlabl Sync="TRUE">NR_MISTO</attrlabl><attalias Sync="TRUE">NR_MISTO</attalias><attrtype Sync="TRUE">Double</attrtype><attwidth Sync="TRUE">8</attwidth><atprecis Sync="TRUE">38</atprecis><attscale Sync="TRUE">8</attscale></attr><attr><attrlabl Sync="TRUE">NR_RESIDEN</attrlabl><attalias Sync="TRUE">NR_RESIDEN</attalias><attrtype Sync="TRUE">Double</attrtype><attwidth Sync="TRUE">8</attwidth><atprecis Sync="TRUE">38</atprecis><attscale Sync="TRUE">8</attscale></attr><attr><attrlabl Sync="TRUE">NR_COMERCI</attrlabl><attalias Sync="TRUE">NR_COMERCI</attalias><attrtype Sync="TRUE">Double</attrtype><attwidth Sync="TRUE">8</attwidth><atprecis Sync="TRUE">38</atprecis><attscale Sync="TRUE">8</attscale></attr><attr><attrlabl Sync="TRUE">NR_INDUSTR</attrlabl><attalias Sync="TRUE">NR_INDUSTR</attalias><attrtype Sync="TRUE">Double</attrtype><attwidth Sync="TRUE">8</attwidth><atprecis Sync="TRUE">38</atprecis><attscale Sync="TRUE">8</attscale></attr><attr><attrlabl Sync="TRUE">NR_SERVICO</attrlabl><attalias Sync="TRUE">NR_SERVICO</attalias><attrtype Sync="TRUE">Double</attrtype><attwidth Sync="TRUE">8</attwidth><atprecis Sync="TRUE">38</atprecis><attscale Sync="TRUE">8</attscale></attr><attr><attrlabl Sync="TRUE">NR_AREA</attrlabl><attalias Sync="TRUE">NR_AREA</attalias><attrtype Sync="TRUE">Double</attrtype><attwidth Sync="TRUE">8</attwidth><atprecis Sync="TRUE">38</atprecis><attscale Sync="TRUE">8</attscale></attr><attr><attrlabl Sync="TRUE">NR_RELIGIO</attrlabl><attalias Sync="TRUE">NR_RELIGIO</attalias><attrtype Sync="TRUE">Double</attrtype><attwidth Sync="TRUE">8</attwidth><atprecis Sync="TRUE">38</atprecis><attscale Sync="TRUE">8</attscale></attr><attr><attrlabl Sync="TRUE">SHAPE</attrlabl><attalias Sync="TRUE">Shape</attalias><attrtype Sync="TRUE">Geometry</attrtype><attwidth Sync="TRUE">4</attwidth><atprecis Sync="TRUE">0</atprecis><attscale Sync="TRUE">0</attscale><attrdef Sync="TRUE">Feature geometry.</attrdef><attrdefs Sync="TRUE">ESRI</attrdefs><attrdomv><udom Sync="TRUE">Coordinates defining the features.</udom></attrdomv></attr><attr><attrlabl Sync="TRUE">Shape_Leng</attrlabl><attalias Sync="TRUE">SHAPE_LENG</attalias><attrtype Sync="TRUE">Double</attrtype><attwidth Sync="TRUE">8</attwidth><atprecis Sync="TRUE">38</atprecis><attscale Sync="TRUE">8</attscale></attr><attr><attrlabl Sync="TRUE">SHAPE.AREA</attrlabl><attalias Sync="TRUE">SHAPE.AREA</attalias><attrtype Sync="TRUE">Double</attrtype><attwidth Sync="TRUE">0</attwidth><atprecis Sync="TRUE">0</atprecis><attscale Sync="TRUE">0</attscale></attr><attr><attrlabl Sync="TRUE">SHAPE.LEN</attrlabl><attalias Sync="TRUE">SHAPE.LEN</attalias><attrtype Sync="TRUE">Double</attrtype><attwidth Sync="TRUE">0</attwidth><atprecis Sync="TRUE">0</atprecis><attscale Sync="TRUE">0</attscale></attr></detailed></eainfo><mdDateSt Sync="TRUE">20120409</mdDateSt></metadata>
