<?xml version="1.0" encoding="UTF-8"?>
<metadata xml:lang="pt"><Esri><CreaDate>20131111</CreaDate><CreaTime>10031400</CreaTime><ArcGISFormat>1.0</ArcGISFormat><SyncOnce>FALSE</SyncOnce><DataProperties><itemProps><itemName Sync="TRUE">SIMGEO.LOGRADOURO</itemName><imsContentType Sync="TRUE">002</imsContentType><itemLocation><linkage Sync="TRUE">Server=10.4.0.127; Service=5151; User=simgeo; Version=SDE.DEFAULT</linkage><protocol Sync="TRUE">ArcSDE Connection</protocol></itemLocation><itemSize Sync="TRUE">0,000</itemSize></itemProps><coordRef><type Sync="TRUE">Projected</type><geogcsn Sync="TRUE">GCS_SIRGAS_2000</geogcsn><projcsn Sync="TRUE">SIRGAS_2000_UTM_Zone_21S</projcsn><peXml Sync="TRUE">&lt;ProjectedCoordinateSystem xsi:type='typens:ProjectedCoordinateSystem' xmlns:xsi='http://www.w3.org/2001/XMLSchema-instance' xmlns:xs='http://www.w3.org/2001/XMLSchema' xmlns:typens='http://www.esri.com/schemas/ArcGIS/10.0'&gt;&lt;WKT&gt;PROJCS[&amp;quot;SIRGAS_2000_UTM_Zone_21S&amp;quot;,GEOGCS[&amp;quot;GCS_SIRGAS_2000&amp;quot;,DATUM[&amp;quot;D_SIRGAS_2000&amp;quot;,SPHEROID[&amp;quot;GRS_1980&amp;quot;,6378137.0,298.257222101]],PRIMEM[&amp;quot;Greenwich&amp;quot;,0.0],UNIT[&amp;quot;Degree&amp;quot;,0.0174532925199433]],PROJECTION[&amp;quot;Transverse_Mercator&amp;quot;],PARAMETER[&amp;quot;False_Easting&amp;quot;,500000.0],PARAMETER[&amp;quot;False_Northing&amp;quot;,10000000.0],PARAMETER[&amp;quot;Central_Meridian&amp;quot;,-57.0],PARAMETER[&amp;quot;Scale_Factor&amp;quot;,0.9996],PARAMETER[&amp;quot;Latitude_Of_Origin&amp;quot;,0.0],UNIT[&amp;quot;Meter&amp;quot;,1.0],AUTHORITY[&amp;quot;EPSG&amp;quot;,31981]]&lt;/WKT&gt;&lt;XOrigin&gt;-5120900&lt;/XOrigin&gt;&lt;YOrigin&gt;1900&lt;/YOrigin&gt;&lt;XYScale&gt;10000&lt;/XYScale&gt;&lt;ZOrigin&gt;0&lt;/ZOrigin&gt;&lt;ZScale&gt;1&lt;/ZScale&gt;&lt;MOrigin&gt;0&lt;/MOrigin&gt;&lt;MScale&gt;1&lt;/MScale&gt;&lt;XYTolerance&gt;0.001&lt;/XYTolerance&gt;&lt;ZTolerance&gt;0.001&lt;/ZTolerance&gt;&lt;MTolerance&gt;0.001&lt;/MTolerance&gt;&lt;HighPrecision&gt;true&lt;/HighPrecision&gt;&lt;WKID&gt;31981&lt;/WKID&gt;&lt;/ProjectedCoordinateSystem&gt;</peXml></coordRef><lineage><Process ToolSource="C:\Arquivos de programas\ArcGIS\Desktop10.0\ArcToolbox\Toolboxes\Conversion Tools.tbx\FeatureClassToFeatureClass" Date="20110216" Time="145448">FeatureClassToFeatureClass SLogradouro_Pavimentado_polyline E:\GIG01.gdb\SIRGAS_2010 LOGRADOURO_2011 # "OBJECTID "OBJECTID" true true false 9 Long 0 9 ,First,#,E:\TROCA_GIG\Shapes\seintra\SLogradouro_Pavimentado_polyline.shp,OBJECTID,-1,-1;N_LOGRA "N_LOGRA" true true false 40 Text 0 0 ,First,#,E:\TROCA_GIG\Shapes\seintra\SLogradouro_Pavimentado_polyline.shp,N_LOGRA,-1,-1;CD_LOGR "CD_LOGR" true true false 8 Text 0 0 ,First,#,E:\TROCA_GIG\Shapes\seintra\SLogradouro_Pavimentado_polyline.shp,CD_LOGR,-1,-1;CEP "CEP" true true false 9 Text 0 0 ,First,#,E:\TROCA_GIG\Shapes\seintra\SLogradouro_Pavimentado_polyline.shp,CEP,-1,-1;PAVIMENTAC "PAVIMENTAC" true true false 1 Text 0 0 ,First,#,E:\TROCA_GIG\Shapes\seintra\SLogradouro_Pavimentado_polyline.shp,PAVIMENTAC,-1,-1;NR_FROM_LE "NR_FROM_LE" true true false 4 Short 0 4 ,First,#,E:\TROCA_GIG\Shapes\seintra\SLogradouro_Pavimentado_polyline.shp,NR_FROM_LE,-1,-1;NR_TO_LEFT "NR_TO_LEFT" true true false 4 Short 0 4 ,First,#,E:\TROCA_GIG\Shapes\seintra\SLogradouro_Pavimentado_polyline.shp,NR_TO_LEFT,-1,-1;NR_FROM_RI "NR_FROM_RI" true true false 4 Short 0 4 ,First,#,E:\TROCA_GIG\Shapes\seintra\SLogradouro_Pavimentado_polyline.shp,NR_FROM_RI,-1,-1;NR_TO_RIGH "NR_TO_RIGH" true true false 4 Short 0 4 ,First,#,E:\TROCA_GIG\Shapes\seintra\SLogradouro_Pavimentado_polyline.shp,NR_TO_RIGH,-1,-1;TX_TIPO "TX_TIPO" true true false 8 Text 0 0 ,First,#,E:\TROCA_GIG\Shapes\seintra\SLogradouro_Pavimentado_polyline.shp,TX_TIPO,-1,-1;TX_TITULO "TX_TITULO" true true false 10 Text 0 0 ,First,#,E:\TROCA_GIG\Shapes\seintra\SLogradouro_Pavimentado_polyline.shp,TX_TITULO,-1,-1;TX_N_PARCI "TX_N_PARCI" true true false 40 Text 0 0 ,First,#,E:\TROCA_GIG\Shapes\seintra\SLogradouro_Pavimentado_polyline.shp,TX_N_PARCI,-1,-1;TX_COMPLEM "TX_COMPLEM" true true false 4 Text 0 0 ,First,#,E:\TROCA_GIG\Shapes\seintra\SLogradouro_Pavimentado_polyline.shp,TX_COMPLEM,-1,-1;NR_COMPRIM "NR_COMPRIM" true true false 31 Double 15 30 ,First,#,E:\TROCA_GIG\Shapes\seintra\SLogradouro_Pavimentado_polyline.shp,NR_COMPRIM,-1,-1;TX_COMPLET "TX_COMPLET" true true false 40 Text 0 0 ,First,#,E:\TROCA_GIG\Shapes\seintra\SLogradouro_Pavimentado_polyline.shp,TX_COMPLET,-1,-1;SHAPE_LENG "SHAPE_LENG" true true false 31 Double 15 30 ,First,#,E:\TROCA_GIG\Shapes\seintra\SLogradouro_Pavimentado_polyline.shp,SHAPE_LENG,-1,-1;COMPRIMENT "COMPRIMENT" true true false 31 Double 15 30 ,First,#,E:\TROCA_GIG\Shapes\seintra\SLogradouro_Pavimentado_polyline.shp,COMPRIMENT,-1,-1" #</Process><Process ToolSource="C:\Arquivos de programas\ArcGIS\Desktop10.0\ArcToolbox\Toolboxes\Conversion Tools.tbx\FeatureClassToFeatureClass" Date="20110221" Time="143532">FeatureClassToFeatureClass LOGRADOURO_2011 "Database Connections\simgeo@sde.sde\SIMGEO.CADASTRO_IMOBILIARIO" LOGRADOURO_2011 # "OBJECTID "OBJECTID" true true false 4 Long 0 0 ,First,#,E:\GIG01.gdb\SIRGAS_2010\LOGRADOURO_2011,OBJECTID,-1,-1;N_LOGRA "N_LOGRA" true true false 40 Text 0 0 ,First,#,E:\GIG01.gdb\SIRGAS_2010\LOGRADOURO_2011,N_LOGRA,-1,-1;CD_LOGR "CD_LOGR" true true false 8 Text 0 0 ,First,#,E:\GIG01.gdb\SIRGAS_2010\LOGRADOURO_2011,CD_LOGR,-1,-1;CEP "CEP" true true false 9 Text 0 0 ,First,#,E:\GIG01.gdb\SIRGAS_2010\LOGRADOURO_2011,CEP,-1,-1;PAVIMENTAC "PAVIMENTAC" true true false 1 Text 0 0 ,First,#,E:\GIG01.gdb\SIRGAS_2010\LOGRADOURO_2011,PAVIMENTAC,-1,-1;NR_FROM_LE "NR_FROM_LE" true true false 2 Short 0 0 ,First,#,E:\GIG01.gdb\SIRGAS_2010\LOGRADOURO_2011,NR_FROM_LE,-1,-1;NR_TO_LEFT "NR_TO_LEFT" true true false 2 Short 0 0 ,First,#,E:\GIG01.gdb\SIRGAS_2010\LOGRADOURO_2011,NR_TO_LEFT,-1,-1;NR_FROM_RI "NR_FROM_RI" true true false 2 Short 0 0 ,First,#,E:\GIG01.gdb\SIRGAS_2010\LOGRADOURO_2011,NR_FROM_RI,-1,-1;NR_TO_RIGH "NR_TO_RIGH" true true false 2 Short 0 0 ,First,#,E:\GIG01.gdb\SIRGAS_2010\LOGRADOURO_2011,NR_TO_RIGH,-1,-1;TX_TIPO "TX_TIPO" true true false 8 Text 0 0 ,First,#,E:\GIG01.gdb\SIRGAS_2010\LOGRADOURO_2011,TX_TIPO,-1,-1;TX_TITULO "TX_TITULO" true true false 10 Text 0 0 ,First,#,E:\GIG01.gdb\SIRGAS_2010\LOGRADOURO_2011,TX_TITULO,-1,-1;TX_N_PARCI "TX_N_PARCI" true true false 40 Text 0 0 ,First,#,E:\GIG01.gdb\SIRGAS_2010\LOGRADOURO_2011,TX_N_PARCI,-1,-1;TX_COMPLEM "TX_COMPLEM" true true false 4 Text 0 0 ,First,#,E:\GIG01.gdb\SIRGAS_2010\LOGRADOURO_2011,TX_COMPLEM,-1,-1;NR_COMPRIM "NR_COMPRIM" true true false 8 Double 0 0 ,First,#,E:\GIG01.gdb\SIRGAS_2010\LOGRADOURO_2011,NR_COMPRIM,-1,-1;TX_COMPLET "TX_COMPLET" true true false 40 Text 0 0 ,First,#,E:\GIG01.gdb\SIRGAS_2010\LOGRADOURO_2011,TX_COMPLET,-1,-1;SHAPE_LENG "SHAPE_LENG" true true false 8 Double 0 0 ,First,#,E:\GIG01.gdb\SIRGAS_2010\LOGRADOURO_2011,SHAPE_LENG,-1,-1;COMPRIMENT "COMPRIMENT" true true false 8 Double 0 0 ,First,#,E:\GIG01.gdb\SIRGAS_2010\LOGRADOURO_2011,COMPRIMENT,-1,-1;Shape_Length "Shape_Length" false true true 8 Double 0 0 ,First,#,E:\GIG01.gdb\SIRGAS_2010\LOGRADOURO_2011,Shape_Length,-1,-1" #</Process><Process ToolSource="C:\Arquivos de programas\ArcGIS\Desktop10.0\ArcToolbox\Toolboxes\Conversion Tools.tbx\FeatureClassToFeatureClass" Date="20110228" Time="152444">FeatureClassToFeatureClass "Database Connections\SIMGEO@SDE.sde\SIMGEO.CADASTRO_IMOBILIARIO\SIMGEO.LOGRADOURO_2011" C:\SIMGEO\SIMGEO_2011\PHGIG04.gdb\CADASTRO_IMOBILIARIO LOGRADOURO_2011 # "OBJECTID "OBJECTID" true true false 4 Long 0 10 ,First,#,Database Connections\SIMGEO@SDE.sde\SIMGEO.CADASTRO_IMOBILIARIO\SIMGEO.LOGRADOURO_2011,OBJECTID,-1,-1;N_LOGRA "N_LOGRA" true true false 40 Text 0 0 ,First,#,Database Connections\SIMGEO@SDE.sde\SIMGEO.CADASTRO_IMOBILIARIO\SIMGEO.LOGRADOURO_2011,N_LOGRA,-1,-1;CD_LOGR "CD_LOGR" true true false 8 Text 0 0 ,First,#,Database Connections\SIMGEO@SDE.sde\SIMGEO.CADASTRO_IMOBILIARIO\SIMGEO.LOGRADOURO_2011,CD_LOGR,-1,-1;CEP "CEP" true true false 9 Text 0 0 ,First,#,Database Connections\SIMGEO@SDE.sde\SIMGEO.CADASTRO_IMOBILIARIO\SIMGEO.LOGRADOURO_2011,CEP,-1,-1;PAVIMENTAC "PAVIMENTAC" true true false 1 Text 0 0 ,First,#,Database Connections\SIMGEO@SDE.sde\SIMGEO.CADASTRO_IMOBILIARIO\SIMGEO.LOGRADOURO_2011,PAVIMENTAC,-1,-1;NR_FROM_LE "NR_FROM_LE" true true false 2 Short 0 5 ,First,#,Database Connections\SIMGEO@SDE.sde\SIMGEO.CADASTRO_IMOBILIARIO\SIMGEO.LOGRADOURO_2011,NR_FROM_LE,-1,-1;NR_TO_LEFT "NR_TO_LEFT" true true false 2 Short 0 5 ,First,#,Database Connections\SIMGEO@SDE.sde\SIMGEO.CADASTRO_IMOBILIARIO\SIMGEO.LOGRADOURO_2011,NR_TO_LEFT,-1,-1;NR_FROM_RI "NR_FROM_RI" true true false 2 Short 0 5 ,First,#,Database Connections\SIMGEO@SDE.sde\SIMGEO.CADASTRO_IMOBILIARIO\SIMGEO.LOGRADOURO_2011,NR_FROM_RI,-1,-1;NR_TO_RIGH "NR_TO_RIGH" true true false 2 Short 0 5 ,First,#,Database Connections\SIMGEO@SDE.sde\SIMGEO.CADASTRO_IMOBILIARIO\SIMGEO.LOGRADOURO_2011,NR_TO_RIGH,-1,-1;TX_TIPO "TX_TIPO" true true false 8 Text 0 0 ,First,#,Database Connections\SIMGEO@SDE.sde\SIMGEO.CADASTRO_IMOBILIARIO\SIMGEO.LOGRADOURO_2011,TX_TIPO,-1,-1;TX_TITULO "TX_TITULO" true true false 10 Text 0 0 ,First,#,Database Connections\SIMGEO@SDE.sde\SIMGEO.CADASTRO_IMOBILIARIO\SIMGEO.LOGRADOURO_2011,TX_TITULO,-1,-1;TX_N_PARCI "TX_N_PARCI" true true false 40 Text 0 0 ,First,#,Database Connections\SIMGEO@SDE.sde\SIMGEO.CADASTRO_IMOBILIARIO\SIMGEO.LOGRADOURO_2011,TX_N_PARCI,-1,-1;TX_COMPLEM "TX_COMPLEM" true true false 4 Text 0 0 ,First,#,Database Connections\SIMGEO@SDE.sde\SIMGEO.CADASTRO_IMOBILIARIO\SIMGEO.LOGRADOURO_2011,TX_COMPLEM,-1,-1;NR_COMPRIM "NR_COMPRIM" true true false 8 Double 8 38 ,First,#,Database Connections\SIMGEO@SDE.sde\SIMGEO.CADASTRO_IMOBILIARIO\SIMGEO.LOGRADOURO_2011,NR_COMPRIM,-1,-1;TX_COMPLET "TX_COMPLET" true true false 40 Text 0 0 ,First,#,Database Connections\SIMGEO@SDE.sde\SIMGEO.CADASTRO_IMOBILIARIO\SIMGEO.LOGRADOURO_2011,TX_COMPLET,-1,-1;SHAPE_LENG "SHAPE_LENG" true true false 8 Double 8 38 ,First,#,Database Connections\SIMGEO@SDE.sde\SIMGEO.CADASTRO_IMOBILIARIO\SIMGEO.LOGRADOURO_2011,SHAPE_LENG,-1,-1;COMPRIMENT "COMPRIMENT" true true false 8 Double 8 38 ,First,#,Database Connections\SIMGEO@SDE.sde\SIMGEO.CADASTRO_IMOBILIARIO\SIMGEO.LOGRADOURO_2011,COMPRIMENT,-1,-1;SHAPE_LEN "SHAPE_LEN" false false true 0 Double 0 0 ,First,#,Database Connections\SIMGEO@SDE.sde\SIMGEO.CADASTRO_IMOBILIARIO\SIMGEO.LOGRADOURO_2011,SHAPE.LEN,-1,-1" #</Process><Process ToolSource="C:\Arquivos de programas\ArcGIS\Desktop10.0\ArcToolbox\Toolboxes\Conversion Tools.tbx\FeatureClassToFeatureClass" Date="20110512" Time="111440">FeatureClassToFeatureClass LOGRADOURO_2011 "Database Connections\simgeo@sde.sde\SIMGEO.CADASTRO_IMOBILIARIO" LOGRADOUROS_2011 # "OBJECTID "OBJECTID" true true false 4 Long 0 0 ,First,#,E:\SIMGEO\PHGIG04.gdb\CADASTRO_IMOBILIARIO\LOGRADOURO_2011,OBJECTID,-1,-1;N_LOGRA "N_LOGRA" true true false 40 Text 0 0 ,First,#,E:\SIMGEO\PHGIG04.gdb\CADASTRO_IMOBILIARIO\LOGRADOURO_2011,N_LOGRA,-1,-1;CD_LOGR "CD_LOGR" true true false 8 Text 0 0 ,First,#,E:\SIMGEO\PHGIG04.gdb\CADASTRO_IMOBILIARIO\LOGRADOURO_2011,CD_LOGR,-1,-1;CEP "CEP" true true false 9 Text 0 0 ,First,#,E:\SIMGEO\PHGIG04.gdb\CADASTRO_IMOBILIARIO\LOGRADOURO_2011,CEP,-1,-1;PAVIMENTAC "PAVIMENTAC" true true false 1 Text 0 0 ,First,#,E:\SIMGEO\PHGIG04.gdb\CADASTRO_IMOBILIARIO\LOGRADOURO_2011,PAVIMENTAC,-1,-1;NR_FROM_LE "NR_FROM_LE" true true false 2 Short 0 0 ,First,#,E:\SIMGEO\PHGIG04.gdb\CADASTRO_IMOBILIARIO\LOGRADOURO_2011,NR_FROM_LE,-1,-1;NR_TO_LEFT "NR_TO_LEFT" true true false 2 Short 0 0 ,First,#,E:\SIMGEO\PHGIG04.gdb\CADASTRO_IMOBILIARIO\LOGRADOURO_2011,NR_TO_LEFT,-1,-1;NR_FROM_RI "NR_FROM_RI" true true false 2 Short 0 0 ,First,#,E:\SIMGEO\PHGIG04.gdb\CADASTRO_IMOBILIARIO\LOGRADOURO_2011,NR_FROM_RI,-1,-1;NR_TO_RIGH "NR_TO_RIGH" true true false 2 Short 0 0 ,First,#,E:\SIMGEO\PHGIG04.gdb\CADASTRO_IMOBILIARIO\LOGRADOURO_2011,NR_TO_RIGH,-1,-1;TX_TIPO "TX_TIPO" true true false 8 Text 0 0 ,First,#,E:\SIMGEO\PHGIG04.gdb\CADASTRO_IMOBILIARIO\LOGRADOURO_2011,TX_TIPO,-1,-1;TX_TITULO "TX_TITULO" true true false 10 Text 0 0 ,First,#,E:\SIMGEO\PHGIG04.gdb\CADASTRO_IMOBILIARIO\LOGRADOURO_2011,TX_TITULO,-1,-1;TX_N_PARCI "TX_N_PARCI" true true false 40 Text 0 0 ,First,#,E:\SIMGEO\PHGIG04.gdb\CADASTRO_IMOBILIARIO\LOGRADOURO_2011,TX_N_PARCI,-1,-1;TX_COMPLEM "TX_COMPLEM" true true false 4 Text 0 0 ,First,#,E:\SIMGEO\PHGIG04.gdb\CADASTRO_IMOBILIARIO\LOGRADOURO_2011,TX_COMPLEM,-1,-1;NR_COMPRIM "NR_COMPRIM" true true false 8 Double 0 0 ,First,#,E:\SIMGEO\PHGIG04.gdb\CADASTRO_IMOBILIARIO\LOGRADOURO_2011,NR_COMPRIM,-1,-1;TX_COMPLET "TX_COMPLET" true true false 40 Text 0 0 ,First,#,E:\SIMGEO\PHGIG04.gdb\CADASTRO_IMOBILIARIO\LOGRADOURO_2011,TX_COMPLET,-1,-1;SHAPE_LENG "SHAPE_LENG" true true false 8 Double 0 0 ,First,#,E:\SIMGEO\PHGIG04.gdb\CADASTRO_IMOBILIARIO\LOGRADOURO_2011,SHAPE_LENG,-1,-1;COMPRIMENT "COMPRIMENT" true true false 8 Double 0 0 ,First,#,E:\SIMGEO\PHGIG04.gdb\CADASTRO_IMOBILIARIO\LOGRADOURO_2011,COMPRIMENT,-1,-1;Shape_Length "Shape_Length" false true true 8 Double 0 0 ,First,#,E:\SIMGEO\PHGIG04.gdb\CADASTRO_IMOBILIARIO\LOGRADOURO_2011,Shape_Length,-1,-1" #</Process><Process ToolSource="C:\Arquivos de programas\ArcGIS\Desktop10.0\ArcToolbox\Toolboxes\Conversion Tools.tbx\FeatureClassToFeatureClass" Date="20110802" Time="142536">FeatureClassToFeatureClass "C:\SIMGEO_KOSMO em phgig01\LOGRADOUROS_2011\LOGRADOUROS_2011.shp" D:\SIMGEO\SIMGEO_2011\PHGIG07.gdb\CADASTRO_IMOBILIARIO LOGRADOUROS_2011_agosto # "OBJECTID_1 "OBJECTID_1" true true false 10 Double 0 10 ,First,#,C:\SIMGEO_KOSMO em phgig01\LOGRADOUROS_2011\LOGRADOUROS_2011.shp,OBJECTID_1,-1,-1;OBJECTID "OBJECTID" true true false 10 Double 0 10 ,First,#,C:\SIMGEO_KOSMO em phgig01\LOGRADOUROS_2011\LOGRADOUROS_2011.shp,OBJECTID,-1,-1;N_LOGRA "N_LOGRA" true true false 40 Text 0 0 ,First,#,C:\SIMGEO_KOSMO em phgig01\LOGRADOUROS_2011\LOGRADOUROS_2011.shp,N_LOGRA,-1,-1;CD_LOGR "CD_LOGR" true true false 8 Text 0 0 ,First,#,C:\SIMGEO_KOSMO em phgig01\LOGRADOUROS_2011\LOGRADOUROS_2011.shp,CD_LOGR,-1,-1;CEP "CEP" true true false 9 Text 0 0 ,First,#,C:\SIMGEO_KOSMO em phgig01\LOGRADOUROS_2011\LOGRADOUROS_2011.shp,CEP,-1,-1;PAVIMENTAC "PAVIMENTAC" true true false 1 Text 0 0 ,First,#,C:\SIMGEO_KOSMO em phgig01\LOGRADOUROS_2011\LOGRADOUROS_2011.shp,PAVIMENTAC,-1,-1;NR_FROM_LE "NR_FROM_LE" true true false 5 Long 0 5 ,First,#,C:\SIMGEO_KOSMO em phgig01\LOGRADOUROS_2011\LOGRADOUROS_2011.shp,NR_FROM_LE,-1,-1;NR_TO_LEFT "NR_TO_LEFT" true true false 5 Long 0 5 ,First,#,C:\SIMGEO_KOSMO em phgig01\LOGRADOUROS_2011\LOGRADOUROS_2011.shp,NR_TO_LEFT,-1,-1;NR_FROM_RI "NR_FROM_RI" true true false 5 Long 0 5 ,First,#,C:\SIMGEO_KOSMO em phgig01\LOGRADOUROS_2011\LOGRADOUROS_2011.shp,NR_FROM_RI,-1,-1;NR_TO_RIGH "NR_TO_RIGH" true true false 5 Long 0 5 ,First,#,C:\SIMGEO_KOSMO em phgig01\LOGRADOUROS_2011\LOGRADOUROS_2011.shp,NR_TO_RIGH,-1,-1;TX_TIPO "TX_TIPO" true true false 8 Text 0 0 ,First,#,C:\SIMGEO_KOSMO em phgig01\LOGRADOUROS_2011\LOGRADOUROS_2011.shp,TX_TIPO,-1,-1;TX_TITULO "TX_TITULO" true true false 10 Text 0 0 ,First,#,C:\SIMGEO_KOSMO em phgig01\LOGRADOUROS_2011\LOGRADOUROS_2011.shp,TX_TITULO,-1,-1;TX_N_PARCI "TX_N_PARCI" true true false 40 Text 0 0 ,First,#,C:\SIMGEO_KOSMO em phgig01\LOGRADOUROS_2011\LOGRADOUROS_2011.shp,TX_N_PARCI,-1,-1;TX_COMPLEM "TX_COMPLEM" true true false 4 Text 0 0 ,First,#,C:\SIMGEO_KOSMO em phgig01\LOGRADOUROS_2011\LOGRADOUROS_2011.shp,TX_COMPLEM,-1,-1;NR_COMPRIM "NR_COMPRIM" true true false 19 Double 8 18 ,First,#,C:\SIMGEO_KOSMO em phgig01\LOGRADOUROS_2011\LOGRADOUROS_2011.shp,NR_COMPRIM,-1,-1;TX_COMPLET "TX_COMPLET" true true false 40 Text 0 0 ,First,#,C:\SIMGEO_KOSMO em phgig01\LOGRADOUROS_2011\LOGRADOUROS_2011.shp,TX_COMPLET,-1,-1;SHAPE_LENG "SHAPE_LENG" true true false 19 Double 8 18 ,First,#,C:\SIMGEO_KOSMO em phgig01\LOGRADOUROS_2011\LOGRADOUROS_2011.shp,SHAPE_LENG,-1,-1;COMPRIMENT "COMPRIMENT" true true false 19 Double 8 18 ,First,#,C:\SIMGEO_KOSMO em phgig01\LOGRADOUROS_2011\LOGRADOUROS_2011.shp,COMPRIMENT,-1,-1;SHAPE_LEN "SHAPE_LEN" true true false 19 Double 0 0 ,First,#,C:\SIMGEO_KOSMO em phgig01\LOGRADOUROS_2011\LOGRADOUROS_2011.shp,SHAPE_LEN,-1,-1" #</Process><Process ToolSource="C:\Arquivos de programas\ArcGIS\Desktop10.0\ArcToolbox\Toolboxes\Conversion Tools.tbx\FeatureClassToFeatureClass" Date="20110805" Time="133553">FeatureClassToFeatureClass D:\SIMGEO\SIMGEO_2011\PHGIG07.gdb\CADASTRO_IMOBILIARIO\LOGRADOUROS_2011_agosto D:\SIMGEO\SIMGEO_2011 log_agosto.shp # "OBJECTID_1 "OBJECTID_1" true true false 8 Double 0 0 ,First,#,D:\SIMGEO\SIMGEO_2011\PHGIG07.gdb\CADASTRO_IMOBILIARIO\LOGRADOUROS_2011_agosto,OBJECTID_1,-1,-1;OBJECTID "OBJECTID" true true false 8 Double 0 0 ,First,#,D:\SIMGEO\SIMGEO_2011\PHGIG07.gdb\CADASTRO_IMOBILIARIO\LOGRADOUROS_2011_agosto,OBJECTID,-1,-1;N_LOGRA "N_LOGRA" true true false 40 Text 0 0 ,First,#,D:\SIMGEO\SIMGEO_2011\PHGIG07.gdb\CADASTRO_IMOBILIARIO\LOGRADOUROS_2011_agosto,N_LOGRA,-1,-1;CD_LOGR "CD_LOGR" true true false 8 Text 0 0 ,First,#,D:\SIMGEO\SIMGEO_2011\PHGIG07.gdb\CADASTRO_IMOBILIARIO\LOGRADOUROS_2011_agosto,CD_LOGR,-1,-1;CEP "CEP" true true false 9 Text 0 0 ,First,#,D:\SIMGEO\SIMGEO_2011\PHGIG07.gdb\CADASTRO_IMOBILIARIO\LOGRADOUROS_2011_agosto,CEP,-1,-1;PAVIMENTAC "PAVIMENTAC" true true false 1 Text 0 0 ,First,#,D:\SIMGEO\SIMGEO_2011\PHGIG07.gdb\CADASTRO_IMOBILIARIO\LOGRADOUROS_2011_agosto,PAVIMENTAC,-1,-1;NR_FROM_LE "NR_FROM_LE" true true false 4 Long 0 0 ,First,#,D:\SIMGEO\SIMGEO_2011\PHGIG07.gdb\CADASTRO_IMOBILIARIO\LOGRADOUROS_2011_agosto,NR_FROM_LE,-1,-1;NR_TO_LEFT "NR_TO_LEFT" true true false 4 Long 0 0 ,First,#,D:\SIMGEO\SIMGEO_2011\PHGIG07.gdb\CADASTRO_IMOBILIARIO\LOGRADOUROS_2011_agosto,NR_TO_LEFT,-1,-1;NR_FROM_RI "NR_FROM_RI" true true false 4 Long 0 0 ,First,#,D:\SIMGEO\SIMGEO_2011\PHGIG07.gdb\CADASTRO_IMOBILIARIO\LOGRADOUROS_2011_agosto,NR_FROM_RI,-1,-1;NR_TO_RIGH "NR_TO_RIGH" true true false 4 Long 0 0 ,First,#,D:\SIMGEO\SIMGEO_2011\PHGIG07.gdb\CADASTRO_IMOBILIARIO\LOGRADOUROS_2011_agosto,NR_TO_RIGH,-1,-1;TX_TIPO "TX_TIPO" true true false 8 Text 0 0 ,First,#,D:\SIMGEO\SIMGEO_2011\PHGIG07.gdb\CADASTRO_IMOBILIARIO\LOGRADOUROS_2011_agosto,TX_TIPO,-1,-1;TX_TITULO "TX_TITULO" true true false 10 Text 0 0 ,First,#,D:\SIMGEO\SIMGEO_2011\PHGIG07.gdb\CADASTRO_IMOBILIARIO\LOGRADOUROS_2011_agosto,TX_TITULO,-1,-1;TX_N_PARCI "TX_N_PARCI" true true false 40 Text 0 0 ,First,#,D:\SIMGEO\SIMGEO_2011\PHGIG07.gdb\CADASTRO_IMOBILIARIO\LOGRADOUROS_2011_agosto,TX_N_PARCI,-1,-1;TX_COMPLEM "TX_COMPLEM" true true false 4 Text 0 0 ,First,#,D:\SIMGEO\SIMGEO_2011\PHGIG07.gdb\CADASTRO_IMOBILIARIO\LOGRADOUROS_2011_agosto,TX_COMPLEM,-1,-1;NR_COMPRIM "NR_COMPRIM" true true false 8 Double 0 0 ,First,#,D:\SIMGEO\SIMGEO_2011\PHGIG07.gdb\CADASTRO_IMOBILIARIO\LOGRADOUROS_2011_agosto,NR_COMPRIM,-1,-1;TX_COMPLET "TX_COMPLET" true true false 40 Text 0 0 ,First,#,D:\SIMGEO\SIMGEO_2011\PHGIG07.gdb\CADASTRO_IMOBILIARIO\LOGRADOUROS_2011_agosto,TX_COMPLET,-1,-1;SHAPE_LENG "SHAPE_LENG" true true false 8 Double 0 0 ,First,#,D:\SIMGEO\SIMGEO_2011\PHGIG07.gdb\CADASTRO_IMOBILIARIO\LOGRADOUROS_2011_agosto,SHAPE_LENG,-1,-1;COMPRIMENT "COMPRIMENT" true true false 8 Double 0 0 ,First,#,D:\SIMGEO\SIMGEO_2011\PHGIG07.gdb\CADASTRO_IMOBILIARIO\LOGRADOUROS_2011_agosto,COMPRIMENT,-1,-1;Shape_Le_1 "Shape_Length" false true true 8 Double 0 0 ,First,#,D:\SIMGEO\SIMGEO_2011\PHGIG07.gdb\CADASTRO_IMOBILIARIO\LOGRADOUROS_2011_agosto,Shape_Length,-1,-1" #</Process><Process ToolSource="C:\Arquivos de programas\ArcGIS\Desktop10.0\ArcToolbox\Toolboxes\Conversion Tools.tbx\FeatureClassToFeatureClass" Date="20110805" Time="133959">FeatureClassToFeatureClass E:\SIMGEO\SIMGEO_2011\log_agosto.shp E:\GIG01.gdb\SIRGAS_2010 LOGRADOURO_2011 # "OBJECTID_1 "OBJECTID_1" true true false 19 Double 0 0 ,First,#,E:\SIMGEO\SIMGEO_2011\log_agosto.shp,OBJECTID_1,-1,-1;OBJECTID "OBJECTID" true true false 19 Double 0 0 ,First,#,E:\SIMGEO\SIMGEO_2011\log_agosto.shp,OBJECTID,-1,-1;N_LOGRA "N_LOGRA" true true false 40 Text 0 0 ,First,#,E:\SIMGEO\SIMGEO_2011\log_agosto.shp,N_LOGRA,-1,-1;CD_LOGR "CD_LOGR" true true false 8 Text 0 0 ,First,#,E:\SIMGEO\SIMGEO_2011\log_agosto.shp,CD_LOGR,-1,-1;CEP "CEP" true true false 9 Text 0 0 ,First,#,E:\SIMGEO\SIMGEO_2011\log_agosto.shp,CEP,-1,-1;PAVIMENTAC "PAVIMENTAC" true true false 1 Text 0 0 ,First,#,E:\SIMGEO\SIMGEO_2011\log_agosto.shp,PAVIMENTAC,-1,-1;NR_FROM_LE "NR_FROM_LE" true true false 9 Long 0 9 ,First,#,E:\SIMGEO\SIMGEO_2011\log_agosto.shp,NR_FROM_LE,-1,-1;NR_TO_LEFT "NR_TO_LEFT" true true false 9 Long 0 9 ,First,#,E:\SIMGEO\SIMGEO_2011\log_agosto.shp,NR_TO_LEFT,-1,-1;NR_FROM_RI "NR_FROM_RI" true true false 9 Long 0 9 ,First,#,E:\SIMGEO\SIMGEO_2011\log_agosto.shp,NR_FROM_RI,-1,-1;NR_TO_RIGH "NR_TO_RIGH" true true false 9 Long 0 9 ,First,#,E:\SIMGEO\SIMGEO_2011\log_agosto.shp,NR_TO_RIGH,-1,-1;TX_TIPO "TX_TIPO" true true false 8 Text 0 0 ,First,#,E:\SIMGEO\SIMGEO_2011\log_agosto.shp,TX_TIPO,-1,-1;TX_TITULO "TX_TITULO" true true false 10 Text 0 0 ,First,#,E:\SIMGEO\SIMGEO_2011\log_agosto.shp,TX_TITULO,-1,-1;TX_N_PARCI "TX_N_PARCI" true true false 40 Text 0 0 ,First,#,E:\SIMGEO\SIMGEO_2011\log_agosto.shp,TX_N_PARCI,-1,-1;TX_COMPLEM "TX_COMPLEM" true true false 4 Text 0 0 ,First,#,E:\SIMGEO\SIMGEO_2011\log_agosto.shp,TX_COMPLEM,-1,-1;NR_COMPRIM "NR_COMPRIM" true true false 19 Double 0 0 ,First,#,E:\SIMGEO\SIMGEO_2011\log_agosto.shp,NR_COMPRIM,-1,-1;TX_COMPLET "TX_COMPLET" true true false 40 Text 0 0 ,First,#,E:\SIMGEO\SIMGEO_2011\log_agosto.shp,TX_COMPLET,-1,-1;SHAPE_LENG "SHAPE_LENG" true true false 19 Double 0 0 ,First,#,E:\SIMGEO\SIMGEO_2011\log_agosto.shp,SHAPE_LENG,-1,-1;COMPRIMENT "COMPRIMENT" true true false 19 Double 0 0 ,First,#,E:\SIMGEO\SIMGEO_2011\log_agosto.shp,COMPRIMENT,-1,-1;Shape_Le_1 "Shape_Le_1" true true false 19 Double 0 0 ,First,#,E:\SIMGEO\SIMGEO_2011\log_agosto.shp,Shape_Le_1,-1,-1" #</Process><Process ToolSource="C:\Arquivos de programas\ArcGIS\Desktop10.0\ArcToolbox\Toolboxes\Conversion Tools.tbx\FeatureClassToFeatureClass" Date="20110805" Time="134113">FeatureClassToFeatureClass E:\GIG01.gdb\SIRGAS_2010\LOGRADOURO_2011 "Database Connections\simgeo@sde.sde\SIMGEO.CADASTRO_IMOBILIARIO" LOGRADOUROS_2011 # "OBJECTID_1 "OBJECTID_1" true true false 8 Double 0 0 ,First,#,E:\GIG01.gdb\SIRGAS_2010\LOGRADOURO_2011,OBJECTID_1,-1,-1;OBJECTID "OBJECTID" true true false 8 Double 0 0 ,First,#,E:\GIG01.gdb\SIRGAS_2010\LOGRADOURO_2011,OBJECTID,-1,-1;N_LOGRA "N_LOGRA" true true false 40 Text 0 0 ,First,#,E:\GIG01.gdb\SIRGAS_2010\LOGRADOURO_2011,N_LOGRA,-1,-1;CD_LOGR "CD_LOGR" true true false 8 Text 0 0 ,First,#,E:\GIG01.gdb\SIRGAS_2010\LOGRADOURO_2011,CD_LOGR,-1,-1;CEP "CEP" true true false 9 Text 0 0 ,First,#,E:\GIG01.gdb\SIRGAS_2010\LOGRADOURO_2011,CEP,-1,-1;PAVIMENTAC "PAVIMENTAC" true true false 1 Text 0 0 ,First,#,E:\GIG01.gdb\SIRGAS_2010\LOGRADOURO_2011,PAVIMENTAC,-1,-1;NR_FROM_LE "NR_FROM_LE" true true false 4 Long 0 0 ,First,#,E:\GIG01.gdb\SIRGAS_2010\LOGRADOURO_2011,NR_FROM_LE,-1,-1;NR_TO_LEFT "NR_TO_LEFT" true true false 4 Long 0 0 ,First,#,E:\GIG01.gdb\SIRGAS_2010\LOGRADOURO_2011,NR_TO_LEFT,-1,-1;NR_FROM_RI "NR_FROM_RI" true true false 4 Long 0 0 ,First,#,E:\GIG01.gdb\SIRGAS_2010\LOGRADOURO_2011,NR_FROM_RI,-1,-1;NR_TO_RIGH "NR_TO_RIGH" true true false 4 Long 0 0 ,First,#,E:\GIG01.gdb\SIRGAS_2010\LOGRADOURO_2011,NR_TO_RIGH,-1,-1;TX_TIPO "TX_TIPO" true true false 8 Text 0 0 ,First,#,E:\GIG01.gdb\SIRGAS_2010\LOGRADOURO_2011,TX_TIPO,-1,-1;TX_TITULO "TX_TITULO" true true false 10 Text 0 0 ,First,#,E:\GIG01.gdb\SIRGAS_2010\LOGRADOURO_2011,TX_TITULO,-1,-1;TX_N_PARCI "TX_N_PARCI" true true false 40 Text 0 0 ,First,#,E:\GIG01.gdb\SIRGAS_2010\LOGRADOURO_2011,TX_N_PARCI,-1,-1;TX_COMPLEM "TX_COMPLEM" true true false 4 Text 0 0 ,First,#,E:\GIG01.gdb\SIRGAS_2010\LOGRADOURO_2011,TX_COMPLEM,-1,-1;NR_COMPRIM "NR_COMPRIM" true true false 8 Double 0 0 ,First,#,E:\GIG01.gdb\SIRGAS_2010\LOGRADOURO_2011,NR_COMPRIM,-1,-1;TX_COMPLET "TX_COMPLET" true true false 40 Text 0 0 ,First,#,E:\GIG01.gdb\SIRGAS_2010\LOGRADOURO_2011,TX_COMPLET,-1,-1;SHAPE_LENG "SHAPE_LENG" true true false 8 Double 0 0 ,First,#,E:\GIG01.gdb\SIRGAS_2010\LOGRADOURO_2011,SHAPE_LENG,-1,-1;COMPRIMENT "COMPRIMENT" true true false 8 Double 0 0 ,First,#,E:\GIG01.gdb\SIRGAS_2010\LOGRADOURO_2011,COMPRIMENT,-1,-1;Shape_Le_1 "Shape_Le_1" true true false 8 Double 0 0 ,First,#,E:\GIG01.gdb\SIRGAS_2010\LOGRADOURO_2011,Shape_Le_1,-1,-1;Shape_Length "Shape_Length" false true true 8 Double 0 0 ,First,#,E:\GIG01.gdb\SIRGAS_2010\LOGRADOURO_2011,Shape_Length,-1,-1" #</Process><Process ToolSource="C:\Arquivos de programas\ArcGIS\Desktop10.0\ArcToolbox\Toolboxes\Conversion Tools.tbx\FeatureClassToFeatureClass" Date="20120409" Time="093122">FeatureClassToFeatureClass SIMGEO.LOGRADOUROS_2011 "Database Connections\simgeo@sde.sde\SIMGEO.ATUALIZACAO" LOGRADOURO # "OBJECTID_1 "OBJECTID_1" true true false 8 Double 8 38 ,First,#,Database Connections\simgeo@sde.sde\SIMGEO.CADASTRO_IMOBILIARIO_2011\SIMGEO.LOGRADOUROS_2011,OBJECTID_1,-1,-1;OBJECTID "OBJECTID" true true false 8 Double 8 38 ,First,#,Database Connections\simgeo@sde.sde\SIMGEO.CADASTRO_IMOBILIARIO_2011\SIMGEO.LOGRADOUROS_2011,OBJECTID,-1,-1;N_LOGRA "N_LOGRA" true true false 40 Text 0 0 ,First,#,Database Connections\simgeo@sde.sde\SIMGEO.CADASTRO_IMOBILIARIO_2011\SIMGEO.LOGRADOUROS_2011,N_LOGRA,-1,-1;CD_LOGR "CD_LOGR" true true false 8 Text 0 0 ,First,#,Database Connections\simgeo@sde.sde\SIMGEO.CADASTRO_IMOBILIARIO_2011\SIMGEO.LOGRADOUROS_2011,CD_LOGR,-1,-1;CEP "CEP" true true false 9 Text 0 0 ,First,#,Database Connections\simgeo@sde.sde\SIMGEO.CADASTRO_IMOBILIARIO_2011\SIMGEO.LOGRADOUROS_2011,CEP,-1,-1;PAVIMENTAC "PAVIMENTAC" true true false 1 Text 0 0 ,First,#,Database Connections\simgeo@sde.sde\SIMGEO.CADASTRO_IMOBILIARIO_2011\SIMGEO.LOGRADOUROS_2011,PAVIMENTAC,-1,-1;NR_FROM_LE "NR_FROM_LE" true true false 4 Long 0 10 ,First,#,Database Connections\simgeo@sde.sde\SIMGEO.CADASTRO_IMOBILIARIO_2011\SIMGEO.LOGRADOUROS_2011,NR_FROM_LE,-1,-1;NR_TO_LEFT "NR_TO_LEFT" true true false 4 Long 0 10 ,First,#,Database Connections\simgeo@sde.sde\SIMGEO.CADASTRO_IMOBILIARIO_2011\SIMGEO.LOGRADOUROS_2011,NR_TO_LEFT,-1,-1;NR_FROM_RI "NR_FROM_RI" true true false 4 Long 0 10 ,First,#,Database Connections\simgeo@sde.sde\SIMGEO.CADASTRO_IMOBILIARIO_2011\SIMGEO.LOGRADOUROS_2011,NR_FROM_RI,-1,-1;NR_TO_RIGH "NR_TO_RIGH" true true false 4 Long 0 10 ,First,#,Database Connections\simgeo@sde.sde\SIMGEO.CADASTRO_IMOBILIARIO_2011\SIMGEO.LOGRADOUROS_2011,NR_TO_RIGH,-1,-1;TX_TIPO "TX_TIPO" true true false 8 Text 0 0 ,First,#,Database Connections\simgeo@sde.sde\SIMGEO.CADASTRO_IMOBILIARIO_2011\SIMGEO.LOGRADOUROS_2011,TX_TIPO,-1,-1;TX_TITULO "TX_TITULO" true true false 10 Text 0 0 ,First,#,Database Connections\simgeo@sde.sde\SIMGEO.CADASTRO_IMOBILIARIO_2011\SIMGEO.LOGRADOUROS_2011,TX_TITULO,-1,-1;TX_N_PARCI "TX_N_PARCI" true true false 40 Text 0 0 ,First,#,Database Connections\simgeo@sde.sde\SIMGEO.CADASTRO_IMOBILIARIO_2011\SIMGEO.LOGRADOUROS_2011,TX_N_PARCI,-1,-1;TX_COMPLEM "TX_COMPLEM" true true false 4 Text 0 0 ,First,#,Database Connections\simgeo@sde.sde\SIMGEO.CADASTRO_IMOBILIARIO_2011\SIMGEO.LOGRADOUROS_2011,TX_COMPLEM,-1,-1;NR_COMPRIM "NR_COMPRIM" true true false 8 Double 8 38 ,First,#,Database Connections\simgeo@sde.sde\SIMGEO.CADASTRO_IMOBILIARIO_2011\SIMGEO.LOGRADOUROS_2011,NR_COMPRIM,-1,-1;TX_COMPLET "TX_COMPLET" true true false 40 Text 0 0 ,First,#,Database Connections\simgeo@sde.sde\SIMGEO.CADASTRO_IMOBILIARIO_2011\SIMGEO.LOGRADOUROS_2011,TX_COMPLET,-1,-1;SHAPE_LENG "SHAPE_LENG" true true false 8 Double 8 38 ,First,#,Database Connections\simgeo@sde.sde\SIMGEO.CADASTRO_IMOBILIARIO_2011\SIMGEO.LOGRADOUROS_2011,SHAPE_LENG,-1,-1;COMPRIMENT "COMPRIMENT" true true false 8 Double 8 38 ,First,#,Database Connections\simgeo@sde.sde\SIMGEO.CADASTRO_IMOBILIARIO_2011\SIMGEO.LOGRADOUROS_2011,COMPRIMENT,-1,-1;SHAPE_LE_1 "SHAPE_LE_1" true true false 8 Double 8 38 ,First,#,Database Connections\simgeo@sde.sde\SIMGEO.CADASTRO_IMOBILIARIO_2011\SIMGEO.LOGRADOUROS_2011,SHAPE_LE_1,-1,-1;SHAPE_LEN "SHAPE_LEN" false false true 0 Double 0 0 ,First,#,Database Connections\simgeo@sde.sde\SIMGEO.CADASTRO_IMOBILIARIO_2011\SIMGEO.LOGRADOUROS_2011,SHAPE.LEN,-1,-1" #</Process></lineage></DataProperties><SyncDate>20120409</SyncDate><SyncTime>09305400</SyncTime><ModDate>20120409</ModDate><ModTime>09305400</ModTime></Esri><dataIdInfo><envirDesc Sync="TRUE">Microsoft Windows XP Version 5.1 (Build 2600) Service Pack 3; ESRI ArcGIS 10.0.2.3200</envirDesc><dataLang><languageCode value="pt" country="BR"></languageCode></dataLang><idCitation><resTitle Sync="TRUE">SIMGEO.LOGRADOURO</resTitle><presForm><PresFormCd value="005"></PresFormCd></presForm></idCitation><descKeys><thesaName uuidref="723f6998-058e-11dc-8314-0800200c9a66"></thesaName><keyword Sync="TRUE">002</keyword></descKeys><spatRpType><SpatRepTypCd value="001"></SpatRepTypCd></spatRpType></dataIdInfo><mdLang><languageCode value="pt"></languageCode></mdLang><mdChar><CharSetCd value="004"></CharSetCd></mdChar><distInfo><distFormat><formatName Sync="TRUE">SDE Feature Class</formatName></distFormat><distTranOps><transSize Sync="TRUE">0,000</transSize></distTranOps></distInfo><mdHrLv><ScopeCd value="005"></ScopeCd></mdHrLv><mdHrLvName Sync="TRUE">dataset</mdHrLvName><refSysInfo><RefSystem><refSysID><identCode code="31981"></identCode><idCodeSpace Sync="TRUE">EPSG</idCodeSpace><idVersion Sync="TRUE">7.4.1</idVersion></refSysID></RefSystem></refSysInfo><spdoinfo><ptvctinf><esriterm Name="SIMGEO.LOGRADOURO"><efeatyp Sync="TRUE">Simple</efeatyp><efeageom Sync="TRUE">3</efeageom><esritopo Sync="TRUE">FALSE</esritopo><efeacnt Sync="TRUE">0</efeacnt><spindex Sync="TRUE">FALSE</spindex><linrefer Sync="TRUE">FALSE</linrefer></esriterm></ptvctinf></spdoinfo><spatRepInfo><VectSpatRep><topLvl><TopoLevCd value="001"></TopoLevCd></topLvl><geometObjs><geoObjTyp><GeoObjTypCd value="002"></GeoObjTypCd><geoObjCnt Sync="TRUE">0</geoObjCnt></geoObjTyp></geometObjs></VectSpatRep></spatRepInfo><eainfo><detailed Name="SIMGEO.LOGRADOURO"><enttyp><enttypl Sync="TRUE">SIMGEO.LOGRADOURO</enttypl><enttypt Sync="TRUE">Feature Class</enttypt><enttypc Sync="TRUE">0</enttypc></enttyp><attr><attrlabl Sync="TRUE">OBJECTID_12</attrlabl><attalias Sync="TRUE">OBJECTID_12</attalias><attrtype Sync="TRUE">OID</attrtype><attwidth Sync="TRUE">4</attwidth><atprecis Sync="TRUE">10</atprecis><attscale Sync="TRUE">0</attscale><attrdef Sync="TRUE">Internal feature number.</attrdef><attrdefs Sync="TRUE">ESRI</attrdefs><attrdomv><udom Sync="TRUE">Sequential unique whole numbers that are automatically generated.</udom></attrdomv></attr><attr><attrlabl Sync="TRUE">OBJECTID_1</attrlabl><attalias Sync="TRUE">OBJECTID_1</attalias><attrtype Sync="TRUE">Double</attrtype><attwidth Sync="TRUE">8</attwidth><atprecis Sync="TRUE">38</atprecis><attscale Sync="TRUE">8</attscale><attrdef Sync="TRUE">Internal feature number.</attrdef><attrdefs Sync="TRUE">ESRI</attrdefs><attrdomv><udom Sync="TRUE">Sequential unique whole numbers that are automatically generated.</udom></attrdomv></attr><attr><attrlabl Sync="TRUE">Shape</attrlabl><attalias Sync="TRUE">Shape</attalias><attrtype Sync="TRUE">Geometry</attrtype><attwidth Sync="TRUE">4</attwidth><atprecis Sync="TRUE">0</atprecis><attscale Sync="TRUE">0</attscale><attrdef Sync="TRUE">Feature geometry.</attrdef><attrdefs Sync="TRUE">ESRI</attrdefs><attrdomv><udom Sync="TRUE">Coordinates defining the features.</udom></attrdomv></attr><attr><attrlabl Sync="TRUE">OBJECTID</attrlabl><attalias Sync="TRUE">OBJECTID</attalias><attrtype Sync="TRUE">Double</attrtype><attwidth Sync="TRUE">8</attwidth><atprecis Sync="TRUE">38</atprecis><attscale Sync="TRUE">8</attscale></attr><attr><attrlabl Sync="TRUE">N_LOGRA</attrlabl><attalias Sync="TRUE">N_LOGRA</attalias><attrtype Sync="TRUE">String</attrtype><attwidth Sync="TRUE">40</attwidth><atprecis Sync="TRUE">0</atprecis><attscale Sync="TRUE">0</attscale></attr><attr><attrlabl Sync="TRUE">CD_LOGR</attrlabl><attalias Sync="TRUE">CD_LOGR</attalias><attrtype Sync="TRUE">String</attrtype><attwidth Sync="TRUE">8</attwidth><atprecis Sync="TRUE">0</atprecis><attscale Sync="TRUE">0</attscale></attr><attr><attrlabl Sync="TRUE">CEP</attrlabl><attalias Sync="TRUE">CEP</attalias><attrtype Sync="TRUE">String</attrtype><attwidth Sync="TRUE">9</attwidth><atprecis Sync="TRUE">0</atprecis><attscale Sync="TRUE">0</attscale></attr><attr><attrlabl Sync="TRUE">PAVIMENTAC</attrlabl><attalias Sync="TRUE">PAVIMENTAC</attalias><attrtype Sync="TRUE">String</attrtype><attwidth Sync="TRUE">1</attwidth><atprecis Sync="TRUE">0</atprecis><attscale Sync="TRUE">0</attscale></attr><attr><attrlabl Sync="TRUE">NR_FROM_LE</attrlabl><attalias Sync="TRUE">NR_FROM_LE</attalias><attrtype Sync="TRUE">Integer</attrtype><attwidth Sync="TRUE">4</attwidth><atprecis Sync="TRUE">10</atprecis><attscale Sync="TRUE">0</attscale></attr><attr><attrlabl Sync="TRUE">NR_TO_LEFT</attrlabl><attalias Sync="TRUE">NR_TO_LEFT</attalias><attrtype Sync="TRUE">Integer</attrtype><attwidth Sync="TRUE">4</attwidth><atprecis Sync="TRUE">10</atprecis><attscale Sync="TRUE">0</attscale></attr><attr><attrlabl Sync="TRUE">NR_FROM_RI</attrlabl><attalias Sync="TRUE">NR_FROM_RI</attalias><attrtype Sync="TRUE">Integer</attrtype><attwidth Sync="TRUE">4</attwidth><atprecis Sync="TRUE">10</atprecis><attscale Sync="TRUE">0</attscale></attr><attr><attrlabl Sync="TRUE">NR_TO_RIGH</attrlabl><attalias Sync="TRUE">NR_TO_RIGH</attalias><attrtype Sync="TRUE">Integer</attrtype><attwidth Sync="TRUE">4</attwidth><atprecis Sync="TRUE">10</atprecis><attscale Sync="TRUE">0</attscale></attr><attr><attrlabl Sync="TRUE">TX_TIPO</attrlabl><attalias Sync="TRUE">TX_TIPO</attalias><attrtype Sync="TRUE">String</attrtype><attwidth Sync="TRUE">8</attwidth><atprecis Sync="TRUE">0</atprecis><attscale Sync="TRUE">0</attscale></attr><attr><attrlabl Sync="TRUE">TX_TITULO</attrlabl><attalias Sync="TRUE">TX_TITULO</attalias><attrtype Sync="TRUE">String</attrtype><attwidth Sync="TRUE">10</attwidth><atprecis Sync="TRUE">0</atprecis><attscale Sync="TRUE">0</attscale></attr><attr><attrlabl Sync="TRUE">TX_N_PARCI</attrlabl><attalias Sync="TRUE">TX_N_PARCI</attalias><attrtype Sync="TRUE">String</attrtype><attwidth Sync="TRUE">40</attwidth><atprecis Sync="TRUE">0</atprecis><attscale Sync="TRUE">0</attscale></attr><attr><attrlabl Sync="TRUE">TX_COMPLEM</attrlabl><attalias Sync="TRUE">TX_COMPLEM</attalias><attrtype Sync="TRUE">String</attrtype><attwidth Sync="TRUE">4</attwidth><atprecis Sync="TRUE">0</atprecis><attscale Sync="TRUE">0</attscale></attr><attr><attrlabl Sync="TRUE">NR_COMPRIM</attrlabl><attalias Sync="TRUE">NR_COMPRIM</attalias><attrtype Sync="TRUE">Double</attrtype><attwidth Sync="TRUE">8</attwidth><atprecis Sync="TRUE">38</atprecis><attscale Sync="TRUE">8</attscale></attr><attr><attrlabl Sync="TRUE">TX_COMPLET</attrlabl><attalias Sync="TRUE">TX_COMPLET</attalias><attrtype Sync="TRUE">String</attrtype><attwidth Sync="TRUE">40</attwidth><atprecis Sync="TRUE">0</atprecis><attscale Sync="TRUE">0</attscale></attr><attr><attrlabl Sync="TRUE">SHAPE_LENG</attrlabl><attalias Sync="TRUE">SHAPE_LENG</attalias><attrtype Sync="TRUE">Double</attrtype><attwidth Sync="TRUE">8</attwidth><atprecis Sync="TRUE">38</atprecis><attscale Sync="TRUE">8</attscale></attr><attr><attrlabl Sync="TRUE">COMPRIMENT</attrlabl><attalias Sync="TRUE">COMPRIMENT</attalias><attrtype Sync="TRUE">Double</attrtype><attwidth Sync="TRUE">8</attwidth><atprecis Sync="TRUE">38</atprecis><attscale Sync="TRUE">8</attscale></attr><attr><attrlabl Sync="TRUE">Shape_Le_1</attrlabl><attalias Sync="TRUE">SHAPE_LE_1</attalias><attrtype Sync="TRUE">Double</attrtype><attwidth Sync="TRUE">8</attwidth><atprecis Sync="TRUE">38</atprecis><attscale Sync="TRUE">8</attscale></attr><attr><attrlabl Sync="TRUE">SHAPE.LEN</attrlabl><attalias Sync="TRUE">SHAPE.LEN</attalias><attrtype Sync="TRUE">Double</attrtype><attwidth Sync="TRUE">0</attwidth><atprecis Sync="TRUE">0</atprecis><attscale Sync="TRUE">0</attscale></attr></detailed></eainfo><mdDateSt Sync="TRUE">20120409</mdDateSt></metadata>
