<metadata xml:lang="pt"><Esri><CreaDate>20190409</CreaDate><CreaTime>14070100</CreaTime><ArcGISFormat>1.0</ArcGISFormat><SyncOnce>FALSE</SyncOnce><DataProperties><lineage><Process ToolSource="c:\program files (x86)\arcgis\desktop10.5\ArcToolbox\Toolboxes\Data Management Tools.tbx\CalculateField" Date="20190409" Time="140701" Name="" export="">CalculateField Export_Output_2 LEGISLACAO "ANEXO 4.2 - BAIRROS | LEI COMPLEMENTAR 341/2018" VB #</Process><Process ToolSource="c:\program files (x86)\arcgis\desktop10.5\ArcToolbox\Toolboxes\Conversion Tools.tbx\FeatureClassToFeatureClass" Date="20190409" Time="144756" Name="" export="">FeatureClassToFeatureClass ANEXO_04_2_BAIRROS "C:\PDDUA 2019 PACKCAGE\PLANO DIRETOR - 2019\SHAPEFILES PARA DIVULGAÇÃO NO SISGRAN" TESTE.shp # "BAIRRO "BAIRRO" true true false 254 Text 0 0 ,First,#,ANEXO_04_2_BAIRROS,BAIRRO,-1,-1;REGIAO_URB "REGIAO_URB" true true false 254 Text 0 0 ,First,#,ANEXO_04_2_BAIRROS,REGIAO_URB,-1,-1;POP_2010 "POP_2010" true true false 10 Long 0 10 ,First,#,ANEXO_04_2_BAIRROS,POPULACAO,-1,-1;HOMENS "HOMENS" true true false 19 Double 0 0 ,First,#,ANEXO_04_2_BAIRROS,HOMENS,-1,-1;MULHERES "MULHERES" true true false 19 Double 0 0 ,First,#,ANEXO_04_2_BAIRROS,MULHERES,-1,-1;DOMICILIOS "DOMICILIOS" true true false 19 Double 0 0 ,First,#,ANEXO_04_2_BAIRROS,DOMICILIOS,-1,-1;DOMIC_PERM "DOMIC_PERM" true true false 19 Double 0 0 ,First,#,ANEXO_04_2_BAIRROS,DOMIC_PERM,-1,-1;AREA_HA "AREA_HA" true true false 19 Double 0 0 ,First,#,ANEXO_04_2_BAIRROS,AREA_HA,-1,-1;DENS_DEMO "DENS_DEMO" true true false 19 Double 0 0 ,First,#,ANEXO_04_2_BAIRROS,DENS_DEMO,-1,-1;IDADE_MEDI "IDADE_MEDI" true true false 19 Double 0 0 ,First,#,ANEXO_04_2_BAIRROS,IDADE_MEDI,-1,-1;TX_CRESCIM "TX_CRESCIM" true true false 19 Double 0 0 ,First,#,ANEXO_04_2_BAIRROS,TMGCA,-1,-1;MEDIA_HAB "MEDIA_HAB" true true false 19 Double 0 0 ,First,#,ANEXO_04_2_BAIRROS,MEDIAMORAD,-1,-1;LEGISLACAO "LEGISLACAO" true true false 50 Text 0 0 ,First,#,ANEXO_04_2_BAIRROS,LEGISLACAO,-1,-1" #</Process></lineage><itemProps><itemName Sync="TRUE">ANEXO_04_2_BAIRROS</itemName><imsContentType Sync="TRUE">002</imsContentType><nativeExtBox><westBL Sync="TRUE">733426.155700</westBL><eastBL Sync="TRUE">760468.517500</eastBL><southBL Sync="TRUE">7721296.663400</southBL><northBL Sync="TRUE">7745602.106100</northBL><exTypeCode Sync="TRUE">1</exTypeCode></nativeExtBox><itemSize Sync="TRUE">0.062</itemSize><itemLocation><linkage Sync="TRUE">file://\\PUDEST44887\C$\PDDUA 2019 PACKCAGE\PLANO DIRETOR - 2019\SHAPEFILES ARRUMADOS\ANEXO_04_2_BAIRROS.shp</linkage><protocol Sync="TRUE">Local Area Network</protocol></itemLocation></itemProps><coordRef><type Sync="TRUE">Projected</type><geogcsn Sync="TRUE">GCS_SIRGAS_2000</geogcsn><csUnits Sync="TRUE">Linear Unit: Meter (1.000000)</csUnits><projcsn Sync="TRUE">SIRGAS_2000_UTM_Zone_21S</projcsn><peXml Sync="TRUE">&lt;ProjectedCoordinateSystem xsi:type='typens:ProjectedCoordinateSystem' xmlns:xsi='http://www.w3.org/2001/XMLSchema-instance' xmlns:xs='http://www.w3.org/2001/XMLSchema' xmlns:typens='http://www.esri.com/schemas/ArcGIS/10.5'&gt;&lt;WKT&gt;PROJCS[&amp;quot;SIRGAS_2000_UTM_Zone_21S&amp;quot;,GEOGCS[&amp;quot;GCS_SIRGAS_2000&amp;quot;,DATUM[&amp;quot;D_SIRGAS_2000&amp;quot;,SPHEROID[&amp;quot;GRS_1980&amp;quot;,6378137.0,298.257222101]],PRIMEM[&amp;quot;Greenwich&amp;quot;,0.0],UNIT[&amp;quot;Degree&amp;quot;,0.0174532925199433]],PROJECTION[&amp;quot;Transverse_Mercator&amp;quot;],PARAMETER[&amp;quot;False_Easting&amp;quot;,500000.0],PARAMETER[&amp;quot;False_Northing&amp;quot;,10000000.0],PARAMETER[&amp;quot;Central_Meridian&amp;quot;,-57.0],PARAMETER[&amp;quot;Scale_Factor&amp;quot;,0.9996],PARAMETER[&amp;quot;Latitude_Of_Origin&amp;quot;,0.0],UNIT[&amp;quot;Meter&amp;quot;,1.0],AUTHORITY[&amp;quot;EPSG&amp;quot;,31981]]&lt;/WKT&gt;&lt;XOrigin&gt;-5120900&lt;/XOrigin&gt;&lt;YOrigin&gt;1900&lt;/YOrigin&gt;&lt;XYScale&gt;450445547.3910538&lt;/XYScale&gt;&lt;ZOrigin&gt;-100000&lt;/ZOrigin&gt;&lt;ZScale&gt;10000&lt;/ZScale&gt;&lt;MOrigin&gt;-100000&lt;/MOrigin&gt;&lt;MScale&gt;10000&lt;/MScale&gt;&lt;XYTolerance&gt;0.001&lt;/XYTolerance&gt;&lt;ZTolerance&gt;0.001&lt;/ZTolerance&gt;&lt;MTolerance&gt;0.001&lt;/MTolerance&gt;&lt;HighPrecision&gt;true&lt;/HighPrecision&gt;&lt;WKID&gt;31981&lt;/WKID&gt;&lt;LatestWKID&gt;31981&lt;/LatestWKID&gt;&lt;/ProjectedCoordinateSystem&gt;</peXml></coordRef></DataProperties><SyncDate>20190426</SyncDate><SyncTime>09004600</SyncTime><ModDate>20190426</ModDate><ModTime>9005700</ModTime><scaleRange><minScale>150000000</minScale><maxScale>5000</maxScale></scaleRange><ArcGISProfile>ItemDescription</ArcGISProfile></Esri><dataIdInfo><envirDesc Sync="TRUE"> Version 6.2 (Build 9200) ; Esri ArcGIS 10.5.0.6491</envirDesc><dataLang><languageCode value="por" Sync="TRUE"/><countryCode value="BRA" Sync="TRUE"/></dataLang><idCitation><resTitle Sync="TRUE">ANEXO_04_2_BAIRROS</resTitle><presForm><PresFormCd value="005" Sync="TRUE"/></presForm></idCitation><spatRpType><SpatRepTypCd value="001" Sync="TRUE"/></spatRpType><dataExt><geoEle xmlns=""><GeoBndBox esriExtentType="search"><exTypeCode Sync="TRUE">1</exTypeCode><westBL Sync="TRUE">-54.763614</westBL><eastBL Sync="TRUE">-54.501152</eastBL><northBL Sync="TRUE">-20.369967</northBL><southBL Sync="TRUE">-20.592939</southBL></GeoBndBox></geoEle></dataExt><idAbs>&lt;DIV STYLE="text-align:Left;"&gt;&lt;DIV&gt;&lt;P&gt;&lt;SPAN&gt;PDDUA - LEI COMPLEMENTAR 341/2018.&lt;/SPAN&gt;&lt;/P&gt;&lt;/DIV&gt;&lt;/DIV&gt;</idAbs><idCredit>PLANURB.</idCredit></dataIdInfo><mdLang><languageCode value="por" Sync="TRUE"/><countryCode value="BRA" Sync="TRUE"/></mdLang><mdChar><CharSetCd value="004" Sync="TRUE"/></mdChar><distInfo><distFormat><formatName Sync="TRUE">Shapefile</formatName></distFormat><distTranOps><transSize Sync="TRUE">0.062</transSize></distTranOps></distInfo><mdHrLv><ScopeCd value="005" Sync="TRUE"/></mdHrLv><mdHrLvName Sync="TRUE">dataset</mdHrLvName><refSysInfo><RefSystem><refSysID><identCode code="31981" Sync="TRUE"/><idCodeSpace Sync="TRUE">EPSG</idCodeSpace><idVersion Sync="TRUE">7.8.3(8.1.2)</idVersion></refSysID></RefSystem></refSysInfo><spatRepInfo><VectSpatRep><geometObjs Name="ANEXO_04_2_BAIRROS"><geoObjTyp><GeoObjTypCd value="002" Sync="TRUE"/></geoObjTyp><geoObjCnt Sync="TRUE">74</geoObjCnt></geometObjs><topLvl><TopoLevCd value="001" Sync="TRUE"/></topLvl></VectSpatRep></spatRepInfo><spdoinfo><ptvctinf><esriterm Name="ANEXO_04_2_BAIRROS"><efeatyp Sync="TRUE">Simple</efeatyp><efeageom code="4" Sync="TRUE"/><esritopo Sync="TRUE">FALSE</esritopo><efeacnt Sync="TRUE">74</efeacnt><spindex Sync="TRUE">TRUE</spindex><linrefer Sync="TRUE">FALSE</linrefer></esriterm></ptvctinf></spdoinfo><eainfo><detailed Name="ANEXO_04_2_BAIRROS"><enttyp><enttypl Sync="TRUE">ANEXO_04_2_BAIRROS</enttypl><enttypt Sync="TRUE">Feature Class</enttypt><enttypc Sync="TRUE">74</enttypc></enttyp><attr><attrlabl Sync="TRUE">FID</attrlabl><attalias Sync="TRUE">FID</attalias><attrtype Sync="TRUE">OID</attrtype><attwidth Sync="TRUE">4</attwidth><atprecis Sync="TRUE">0</atprecis><attscale Sync="TRUE">0</attscale><attrdef Sync="TRUE">Internal feature number.</attrdef><attrdefs Sync="TRUE">Esri</attrdefs><attrdomv><udom Sync="TRUE">Sequential unique whole numbers that are automatically generated.</udom></attrdomv></attr><attr><attrlabl Sync="TRUE">Shape</attrlabl><attalias Sync="TRUE">Shape</attalias><attrtype Sync="TRUE">Geometry</attrtype><attwidth Sync="TRUE">0</attwidth><atprecis Sync="TRUE">0</atprecis><attscale Sync="TRUE">0</attscale><attrdef Sync="TRUE">Feature geometry.</attrdef><attrdefs Sync="TRUE">Esri</attrdefs><attrdomv><udom Sync="TRUE">Coordinates defining the features.</udom></attrdomv></attr><attr><attrlabl Sync="TRUE">BAIRRO</attrlabl><attalias Sync="TRUE">BAIRRO</attalias><attrtype Sync="TRUE">String</attrtype><attwidth Sync="TRUE">254</attwidth><atprecis Sync="TRUE">0</atprecis><attscale Sync="TRUE">0</attscale></attr><attr><attrlabl Sync="TRUE">REGIAO_URB</attrlabl><attalias Sync="TRUE">REGIAO_URB</attalias><attrtype Sync="TRUE">String</attrtype><attwidth Sync="TRUE">254</attwidth><atprecis Sync="TRUE">0</atprecis><attscale Sync="TRUE">0</attscale></attr><attr><attrlabl Sync="TRUE">POP_2010</attrlabl><attalias Sync="TRUE">POP_2010</attalias><attrtype Sync="TRUE">Integer</attrtype><attwidth Sync="TRUE">10</attwidth><atprecis Sync="TRUE">10</atprecis><attscale Sync="TRUE">0</attscale></attr><attr><attrlabl Sync="TRUE">HOMENS</attrlabl><attalias Sync="TRUE">HOMENS</attalias><attrtype Sync="TRUE">Double</attrtype><attwidth Sync="TRUE">19</attwidth><atprecis Sync="TRUE">0</atprecis><attscale Sync="TRUE">0</attscale></attr><attr><attrlabl Sync="TRUE">MULHERES</attrlabl><attalias Sync="TRUE">MULHERES</attalias><attrtype Sync="TRUE">Double</attrtype><attwidth Sync="TRUE">19</attwidth><atprecis Sync="TRUE">0</atprecis><attscale Sync="TRUE">0</attscale></attr><attr><attrlabl Sync="TRUE">DOMICILIOS</attrlabl><attalias Sync="TRUE">DOMICILIOS</attalias><attrtype Sync="TRUE">Double</attrtype><attwidth Sync="TRUE">19</attwidth><atprecis Sync="TRUE">0</atprecis><attscale Sync="TRUE">0</attscale></attr><attr><attrlabl Sync="TRUE">DOMIC_PERM</attrlabl><attalias Sync="TRUE">DOMIC_PERM</attalias><attrtype Sync="TRUE">Double</attrtype><attwidth Sync="TRUE">19</attwidth><atprecis Sync="TRUE">0</atprecis><attscale Sync="TRUE">0</attscale></attr><attr><attrlabl Sync="TRUE">IDADE_MEDI</attrlabl><attalias Sync="TRUE">IDADE_MEDI</attalias><attrtype Sync="TRUE">Double</attrtype><attwidth Sync="TRUE">19</attwidth><atprecis Sync="TRUE">0</atprecis><attscale Sync="TRUE">0</attscale></attr><attr><attrlabl Sync="TRUE">DENS_DEMO</attrlabl><attalias Sync="TRUE">DENS_DEMO</attalias><attrtype Sync="TRUE">Double</attrtype><attwidth Sync="TRUE">19</attwidth><atprecis Sync="TRUE">0</atprecis><attscale Sync="TRUE">0</attscale></attr><attr><attrlabl Sync="TRUE">AREA_HA</attrlabl><attalias Sync="TRUE">AREA_HA</attalias><attrtype Sync="TRUE">Double</attrtype><attwidth Sync="TRUE">19</attwidth><atprecis Sync="TRUE">0</atprecis><attscale Sync="TRUE">0</attscale></attr><attr><attrlabl Sync="TRUE">TX_CRESCIM</attrlabl><attalias Sync="TRUE">TX_CRESCIM</attalias><attrtype Sync="TRUE">Double</attrtype><attwidth Sync="TRUE">19</attwidth><atprecis Sync="TRUE">0</atprecis><attscale Sync="TRUE">0</attscale></attr><attr><attrlabl Sync="TRUE">MEDIA_HAB</attrlabl><attalias Sync="TRUE">MEDIA_HAB</attalias><attrtype Sync="TRUE">Double</attrtype><attwidth Sync="TRUE">19</attwidth><atprecis Sync="TRUE">0</atprecis><attscale Sync="TRUE">0</attscale></attr><attr><attrlabl Sync="TRUE">LEGISLACAO</attrlabl><attalias Sync="TRUE">LEGISLACAO</attalias><attrtype Sync="TRUE">String</attrtype><attwidth Sync="TRUE">50</attwidth><atprecis Sync="TRUE">0</atprecis><attscale Sync="TRUE">0</attscale></attr></detailed></eainfo><mdDateSt Sync="TRUE">20190426</mdDateSt></metadata>
