<?xml version="1.0"?>
<!--<!DOCTYPE metadata SYSTEM "http://www.esri.com/metadata/esriprof80.dtd">-->
<metadata xml:lang="pt"><Esri><CreaDate>20120417</CreaDate><CreaTime>16553000</CreaTime><SyncOnce>FALSE</SyncOnce><SyncDate>20101209</SyncDate><SyncTime>08552400</SyncTime><ModDate>20101209</ModDate><ModTime>08552400</ModTime><DataProperties><lineage><Process ToolSource="C:\Arquivos de programas\ArcGIS\ArcToolbox\Toolboxes\Conversion Tools.tbx\FeatureClassToFeatureClass" Date="20101125" Time="101044">FeatureClassToFeatureClass C:\1\Export_Output_2.shp C:\1\Planurb.gdb\SIMGEO Bairros2 # "ID 'ID' true true false 19 Double 0 0 ,First,#,C:\1\Export_Output_2.shp,ID,-1,-1;COD_IBGE 'COD_IBGE' true true false 254 Text 0 0 ,First,#,C:\1\Export_Output_2.shp,COD_IBGE,-1,-1;NOME 'NOME' true true false 254 Text 0 0 ,First,#,C:\1\Export_Output_2.shp,NOME,-1,-1;REGIAO 'REGIAO' true true false 254 Text 0 0 ,First,#,C:\1\Export_Output_2.shp,REGIAO,-1,-1;AREA_HA 'AREA_HA' true true false 19 Double 0 0 ,First,#,C:\1\Export_Output_2.shp,AREA_HA,-1,-1;POP2007 'POP2007' true true false 19 Double 0 0 ,First,#,C:\1\Export_Output_2.shp,POP2007,-1,-1;DENS2007 'DENS2007' true true false 19 Double 0 0 ,First,#,C:\1\Export_Output_2.shp,DENS2007,-1,-1;POP2010 'POP2010' true true false 16 Double 6 15 ,First,#,C:\1\Export_Output_2.shp,POP2010,-1,-1;DENS2010 'DENS2010' true true false 16 Double 6 15 ,First,#,C:\1\Export_Output_2.shp,DENS2010,-1,-1;IED 'IED' true true false 16 Double 6 15 ,First,#,C:\1\Export_Output_2.shp,IED,-1,-1;IRP 'IRP' true true false 16 Double 6 15 ,First,#,C:\1\Export_Output_2.shp,IRP,-1,-1;ISA 'ISA' true true false 16 Double 6 15 ,First,#,C:\1\Export_Output_2.shp,ISA,-1,-1;IMO 'IMO' true true false 16 Double 6 15 ,First,#,C:\1\Export_Output_2.shp,IMO,-1,-1;IQVU 'IQVU' true true false 16 Double 6 15 ,First,#,C:\1\Export_Output_2.shp,IQVU,-1,-1" # C:\1\Planurb.gdb\SIMGEO\Bairros2</Process><Process ToolSource="C:\Arquivos de programas\ArcGIS\ArcToolbox\Toolboxes\Conversion Tools.tbx\FeatureClassToFeatureClass" Date="20101209" Time="085525">FeatureClassToFeatureClass C:\Planurb.gdb\SIMGEO\BAIRROS "Database Connections\simgeo@sde.sde\SIMGEO.PLANEJAMENTO_URBANO" BAIRRO # "ID 'ID' true true false 8 Double 0 0 ,First,#,C:\Planurb.gdb\SIMGEO\BAIRROS,ID,-1,-1;COD_IBGE 'COD_IBGE' true true false 254 Text 0 0 ,First,#,C:\Planurb.gdb\SIMGEO\BAIRROS,COD_IBGE,-1,-1;NOME 'NOME' true true false 254 Text 0 0 ,First,#,C:\Planurb.gdb\SIMGEO\BAIRROS,NOME,-1,-1;REGIAO 'REGIAO' true true false 254 Text 0 0 ,First,#,C:\Planurb.gdb\SIMGEO\BAIRROS,REGIAO,-1,-1;AREA_HA 'AREA_HA' true true false 8 Double 0 0 ,First,#,C:\Planurb.gdb\SIMGEO\BAIRROS,AREA_HA,-1,-1;POP2007 'POP2007' true true false 8 Double 0 0 ,First,#,C:\Planurb.gdb\SIMGEO\BAIRROS,POP2007,-1,-1;DENS2007 'DENS2007' true true false 8 Double 0 0 ,First,#,C:\Planurb.gdb\SIMGEO\BAIRROS,DENS2007,-1,-1;POP2010 'POP2010' true true false 8 Double 0 0 ,First,#,C:\Planurb.gdb\SIMGEO\BAIRROS,POP2010,-1,-1;DENS2010 'DENS2010' true true false 8 Double 0 0 ,First,#,C:\Planurb.gdb\SIMGEO\BAIRROS,DENS2010,-1,-1;IED 'IED' true true false 8 Double 0 0 ,First,#,C:\Planurb.gdb\SIMGEO\BAIRROS,IED,-1,-1;IRP 'IRP' true true false 8 Double 0 0 ,First,#,C:\Planurb.gdb\SIMGEO\BAIRROS,IRP,-1,-1;ISA 'ISA' true true false 8 Double 0 0 ,First,#,C:\Planurb.gdb\SIMGEO\BAIRROS,ISA,-1,-1;IMO 'IMO' true true false 8 Double 0 0 ,First,#,C:\Planurb.gdb\SIMGEO\BAIRROS,IMO,-1,-1;IQVU 'IQVU' true true false 8 Double 0 0 ,First,#,C:\Planurb.gdb\SIMGEO\BAIRROS,IQVU,-1,-1;Shape_Length 'Shape_Length' false true true 8 Double 0 0 ,First,#,C:\Planurb.gdb\SIMGEO\BAIRROS,Shape_Length,-1,-1;Shape_Area 'Shape_Area' false true true 8 Double 0 0 ,First,#,C:\Planurb.gdb\SIMGEO\BAIRROS,Shape_Area,-1,-1" # "Database Connections\simgeo@sde.sde\SIMGEO.PLANEJAMENTO_URBANO\SIMGEO.BAIRRO"</Process></lineage></DataProperties><ArcGISFormat>1.0</ArcGISFormat></Esri><idinfo><native Sync="TRUE">Microsoft Windows XP Version 5.1 (Build 2600) Service Pack 3; ESRI ArcCatalog 9.3.1.4000</native><descript><langdata Sync="TRUE">pt</langdata><abstract>REQUIRED: A brief narrative summary of the data set.</abstract><purpose>REQUIRED: A summary of the intentions with which the data set was developed.</purpose></descript><citation><citeinfo><origin>REQUIRED: The name of an organization or individual that developed the data set.</origin><pubdate>REQUIRED: The date when the data set is published or otherwise made available for release.</pubdate><title Sync="TRUE">SIMGEO.BAIRRO</title><ftname Sync="TRUE">SIMGEO.BAIRRO</ftname><geoform Sync="TRUE">vector digital data</geoform><onlink Sync="TRUE">Server=10.4.0.127; Service=5151; User=simgeo; Version=SDE.DEFAULT</onlink></citeinfo></citation><timeperd><current>REQUIRED: The basis on which the time period of content information is determined.</current><timeinfo><sngdate><caldate>REQUIRED: The year (and optionally month, or month and day) for which the data set corresponds to the ground.</caldate></sngdate></timeinfo></timeperd><status><progress>REQUIRED: The state of the data set.</progress><update>REQUIRED: The frequency with which changes and additions are made to the data set after the initial data set is completed.</update></status><spdom><bounding><westbc Sync="TRUE">REQUIRED: Western-most coordinate of the limit of coverage expressed in longitude.</westbc><eastbc Sync="TRUE">REQUIRED: Eastern-most coordinate of the limit of coverage expressed in longitude.</eastbc><northbc Sync="TRUE">REQUIRED: Northern-most coordinate of the limit of coverage expressed in latitude.</northbc><southbc Sync="TRUE">REQUIRED: Southern-most coordinate of the limit of coverage expressed in latitude.</southbc></bounding></spdom><keywords><theme><themekt>REQUIRED: Reference to a formally registered thesaurus or a similar authoritative source of theme keywords.</themekt><themekey>REQUIRED: Common-use word or phrase used to describe the subject of the data set.</themekey></theme></keywords><accconst>REQUIRED: Restrictions and legal prerequisites for accessing the data set.</accconst><useconst>REQUIRED: Restrictions and legal prerequisites for using the data set after access is granted.</useconst><natvform Sync="TRUE">SDE Feature Class</natvform></idinfo><dataIdInfo><envirDesc Sync="TRUE">Microsoft Windows XP Version 5.1 (Build 2600) Service Pack 3; ESRI ArcCatalog 9.3.1.4000</envirDesc><dataLang><languageCode Sync="TRUE" value="pt"></languageCode></dataLang><idCitation><resTitle Sync="TRUE">SIMGEO.BAIRRO</resTitle><presForm><PresFormCd Sync="TRUE" value="005"></PresFormCd></presForm></idCitation><spatRpType><SpatRepTypCd Sync="TRUE" value="001"></SpatRepTypCd></spatRpType></dataIdInfo><metainfo><langmeta Sync="TRUE">pt</langmeta><metstdn Sync="TRUE">FGDC Content Standards for Digital Geospatial Metadata</metstdn><metstdv Sync="TRUE">FGDC-STD-001-1998</metstdv><mettc Sync="TRUE">local time</mettc><metc><cntinfo><cntorgp><cntper>REQUIRED: The person responsible for the metadata information.</cntper><cntorg>REQUIRED: The organization responsible for the metadata information.</cntorg></cntorgp><cntaddr><addrtype>REQUIRED: The mailing and/or physical address for the organization or individual.</addrtype><city>REQUIRED: The city of the address.</city><state>REQUIRED: The state or province of the address.</state><postal>REQUIRED: The ZIP or other postal code of the address.</postal></cntaddr><cntvoice>REQUIRED: The telephone number by which individuals can speak to the organization or individual.</cntvoice></cntinfo></metc><metd Sync="TRUE">20101209</metd><metextns><onlink Sync="TRUE">http://www.esri.com/metadata/esriprof80.html</onlink><metprof Sync="TRUE">ESRI Metadata Profile</metprof></metextns></metainfo><mdLang><languageCode Sync="TRUE" value="pt"></languageCode></mdLang><mdStanName Sync="TRUE">ISO 19115 Geographic Information - Metadata</mdStanName><mdStanVer Sync="TRUE">DIS_ESRI1.0</mdStanVer><mdChar><CharSetCd Sync="TRUE" value="004"></CharSetCd></mdChar><mdHrLv><ScopeCd Sync="TRUE" value="005"></ScopeCd></mdHrLv><mdHrLvName Sync="TRUE">dataset</mdHrLvName><distinfo><resdesc Sync="TRUE">Downloadable Data</resdesc></distinfo><distInfo><distributor><distorTran><onLineSrc><orDesc Sync="TRUE">002</orDesc><linkage Sync="TRUE">Server=10.4.0.127; Service=5151; User=simgeo; Version=SDE.DEFAULT</linkage><protocol Sync="TRUE">ArcSDE Connection</protocol></onLineSrc></distorTran><distorFormat><formatName Sync="TRUE">SDE Feature Class</formatName></distorFormat></distributor></distInfo><spdoinfo><direct Sync="TRUE">Vector</direct><ptvctinf><esriterm Name="SIMGEO.BAIRRO"><efeatyp Sync="TRUE">Simple</efeatyp><efeageom Sync="TRUE">Polygon</efeageom><esritopo Sync="TRUE">FALSE</esritopo><efeacnt Sync="TRUE">0</efeacnt><spindex Sync="TRUE">FALSE</spindex><linrefer Sync="TRUE">FALSE</linrefer></esriterm><sdtsterm Name="SIMGEO.BAIRRO"><sdtstype Sync="TRUE">G-polygon</sdtstype><ptvctcnt Sync="TRUE">0</ptvctcnt></sdtsterm></ptvctinf></spdoinfo><spref><horizsys><cordsysn><geogcsn Sync="TRUE">GCS_SIRGAS_2000</geogcsn><projcsn Sync="TRUE">SIRGAS_2000_UTM_Zone_21S</projcsn></cordsysn><planar><planci><plance Sync="TRUE">coordinate pair</plance><plandu Sync="TRUE">meters</plandu><coordrep><absres Sync="TRUE">0.000100</absres><ordres Sync="TRUE">0.000100</ordres></coordrep></planci><mapproj><mapprojn Sync="TRUE">Transverse Mercator</mapprojn><transmer><sfctrmer Sync="TRUE">0.999600</sfctrmer><longcm Sync="TRUE">-57.000000</longcm><latprjo Sync="TRUE">0.000000</latprjo><feast Sync="TRUE">500000.000000</feast><fnorth Sync="TRUE">10000000.000000</fnorth></transmer></mapproj></planar><geodetic><horizdn Sync="TRUE">D_SIRGAS_2000</horizdn><ellips Sync="TRUE">Geodetic Reference System 80</ellips><semiaxis Sync="TRUE">6378137.000000</semiaxis><denflat Sync="TRUE">298.257222</denflat></geodetic></horizsys><vertdef><altsys><altenc Sync="TRUE">Explicit elevation coordinate included with horizontal coordinates</altenc><altres Sync="TRUE">1.000000</altres></altsys></vertdef></spref><refSysInfo><RefSystem><refSysID><identCode Sync="TRUE">SIRGAS_2000_UTM_Zone_21S</identCode></refSysID></RefSystem></refSysInfo><spatRepInfo><VectSpatRep><topLvl><TopoLevCd Sync="TRUE" value="001"></TopoLevCd></topLvl><geometObjs Name="SIMGEO.BAIRRO"><geoObjTyp><GeoObjTypCd Sync="TRUE" value="001"></GeoObjTypCd></geoObjTyp><geoObjCnt Sync="TRUE">0</geoObjCnt></geometObjs></VectSpatRep></spatRepInfo><eainfo><detailed Name="SIMGEO.BAIRRO"><enttyp><enttypl Sync="TRUE">SIMGEO.BAIRRO</enttypl><enttypt Sync="TRUE">Feature Class</enttypt><enttypc Sync="TRUE">0</enttypc></enttyp><attr><attrlabl Sync="TRUE">OBJECTID</attrlabl><attalias Sync="TRUE">OBJECTID</attalias><attrtype Sync="TRUE">OID</attrtype><attwidth Sync="TRUE">4</attwidth><atprecis Sync="TRUE">10</atprecis><attscale Sync="TRUE">0</attscale><attrdef Sync="TRUE">Internal feature number.</attrdef><attrdefs Sync="TRUE">ESRI</attrdefs><attrdomv><udom Sync="TRUE">Sequential unique whole numbers that are automatically generated.</udom></attrdomv></attr><attr><attrlabl Sync="TRUE">Shape</attrlabl><attalias Sync="TRUE">Shape</attalias><attrtype Sync="TRUE">Geometry</attrtype><attwidth Sync="TRUE">4</attwidth><atprecis Sync="TRUE">0</atprecis><attscale Sync="TRUE">0</attscale><attrdef Sync="TRUE">Feature geometry.</attrdef><attrdefs Sync="TRUE">ESRI</attrdefs><attrdomv><udom Sync="TRUE">Coordinates defining the features.</udom></attrdomv></attr><attr><attrlabl Sync="TRUE">ID</attrlabl><attalias Sync="TRUE">ID</attalias><attrtype Sync="TRUE">Double</attrtype><attwidth Sync="TRUE">8</attwidth><atprecis Sync="TRUE">38</atprecis><attscale Sync="TRUE">8</attscale></attr><attr><attrlabl Sync="TRUE">COD_IBGE</attrlabl><attalias Sync="TRUE">COD_IBGE</attalias><attrtype Sync="TRUE">String</attrtype><attwidth Sync="TRUE">254</attwidth><atprecis Sync="TRUE">0</atprecis><attscale Sync="TRUE">0</attscale></attr><attr><attrlabl Sync="TRUE">NOME</attrlabl><attalias Sync="TRUE">NOME</attalias><attrtype Sync="TRUE">String</attrtype><attwidth Sync="TRUE">254</attwidth><atprecis Sync="TRUE">0</atprecis><attscale Sync="TRUE">0</attscale></attr><attr><attrlabl Sync="TRUE">REGIAO</attrlabl><attalias Sync="TRUE">REGIAO</attalias><attrtype Sync="TRUE">String</attrtype><attwidth Sync="TRUE">254</attwidth><atprecis Sync="TRUE">0</atprecis><attscale Sync="TRUE">0</attscale></attr><attr><attrlabl Sync="TRUE">AREA_HA</attrlabl><attalias Sync="TRUE">AREA_HA</attalias><attrtype Sync="TRUE">Double</attrtype><attwidth Sync="TRUE">8</attwidth><atprecis Sync="TRUE">38</atprecis><attscale Sync="TRUE">8</attscale></attr><attr><attrlabl Sync="TRUE">POP2007</attrlabl><attalias Sync="TRUE">POP2007</attalias><attrtype Sync="TRUE">Double</attrtype><attwidth Sync="TRUE">8</attwidth><atprecis Sync="TRUE">38</atprecis><attscale Sync="TRUE">8</attscale></attr><attr><attrlabl Sync="TRUE">DENS2007</attrlabl><attalias Sync="TRUE">DENS2007</attalias><attrtype Sync="TRUE">Double</attrtype><attwidth Sync="TRUE">8</attwidth><atprecis Sync="TRUE">38</atprecis><attscale Sync="TRUE">8</attscale></attr><attr><attrlabl Sync="TRUE">POP2010</attrlabl><attalias Sync="TRUE">POP2010</attalias><attrtype Sync="TRUE">Double</attrtype><attwidth Sync="TRUE">8</attwidth><atprecis Sync="TRUE">38</atprecis><attscale Sync="TRUE">8</attscale></attr><attr><attrlabl Sync="TRUE">DENS2010</attrlabl><attalias Sync="TRUE">DENS2010</attalias><attrtype Sync="TRUE">Double</attrtype><attwidth Sync="TRUE">8</attwidth><atprecis Sync="TRUE">38</atprecis><attscale Sync="TRUE">8</attscale></attr><attr><attrlabl Sync="TRUE">IED</attrlabl><attalias Sync="TRUE">IED</attalias><attrtype Sync="TRUE">Double</attrtype><attwidth Sync="TRUE">8</attwidth><atprecis Sync="TRUE">38</atprecis><attscale Sync="TRUE">8</attscale></attr><attr><attrlabl Sync="TRUE">IRP</attrlabl><attalias Sync="TRUE">IRP</attalias><attrtype Sync="TRUE">Double</attrtype><attwidth Sync="TRUE">8</attwidth><atprecis Sync="TRUE">38</atprecis><attscale Sync="TRUE">8</attscale></attr><attr><attrlabl Sync="TRUE">ISA</attrlabl><attalias Sync="TRUE">ISA</attalias><attrtype Sync="TRUE">Double</attrtype><attwidth Sync="TRUE">8</attwidth><atprecis Sync="TRUE">38</atprecis><attscale Sync="TRUE">8</attscale></attr><attr><attrlabl Sync="TRUE">IMO</attrlabl><attalias Sync="TRUE">IMO</attalias><attrtype Sync="TRUE">Double</attrtype><attwidth Sync="TRUE">8</attwidth><atprecis Sync="TRUE">38</atprecis><attscale Sync="TRUE">8</attscale></attr><attr><attrlabl Sync="TRUE">IQVU</attrlabl><attalias Sync="TRUE">IQVU</attalias><attrtype Sync="TRUE">Double</attrtype><attwidth Sync="TRUE">8</attwidth><atprecis Sync="TRUE">38</atprecis><attscale Sync="TRUE">8</attscale></attr><attr><attrlabl Sync="TRUE">SHAPE.AREA</attrlabl><attalias Sync="TRUE">SHAPE.AREA</attalias><attrtype Sync="TRUE">Double</attrtype><attwidth Sync="TRUE">0</attwidth><atprecis Sync="TRUE">0</atprecis><attscale Sync="TRUE">0</attscale></attr><attr><attrlabl Sync="TRUE">SHAPE.LEN</attrlabl><attalias Sync="TRUE">SHAPE.LEN</attalias><attrtype Sync="TRUE">Double</attrtype><attwidth Sync="TRUE">0</attwidth><atprecis Sync="TRUE">0</atprecis><attscale Sync="TRUE">0</attscale></attr></detailed></eainfo><mdDateSt Sync="TRUE">20101209</mdDateSt><dataqual><lineage><procstep><procdesc Sync="TRUE">Dataset copied.</procdesc><srcused Sync="TRUE">\\JUARESGEO\C$\1\Planurb.gdb</srcused><procdate Sync="TRUE">20101125</procdate><proctime Sync="TRUE">10173000</proctime></procstep></lineage></dataqual></metadata>
